record_id,timestamp,txid,input_addresses,output_addresses,input_amounts,output_amounts,fee,script_type
tx-rec-000000,2026-03-01T08:00:59+00:00,tx_peel_0000,"[""bc1qpeelutmgx8p5r3r8m5uactahcr7kskmzqpewj927q9""]","[""bc1qpeelhopgy3ppxd4awezjqwhm37ykq2xahr0pdazz929ez"", ""bc1qpeelpgym0znycrryl72nc23yee6yv3v6sasn4hftap""]",[50.0],"[0.21614, 49.78376]",0.0001,P2WPKH
tx-rec-000001,2026-03-01T08:02:11+00:00,tx_peel_0001,"[""bc1qpeelpgym0znycrryl72nc23yee6yv3v6sasn4hftap""]","[""bc1qpeelhopzyy8ce5rjpvpflfamg5nlp75qwxfxsnl63kr6u"", ""bc1qpeeld7ge9m3fd6n3jzpnqxjn3g3tazpa8flkxjjfgr""]",[49.78376],"[0.069222, 49.714438]",0.0001,P2WPKH
tx-rec-000002,2026-03-01T08:03:03+00:00,tx_peel_0002,"[""bc1qpeeld7ge9m3fd6n3jzpnqxjn3g3tazpa8flkxjjfgr""]","[""bc1qpeelhop50czyarunr5750zmmmm803s5vhn6eh68fzxy8p"", ""bc1qpeel3j4p66e3walgpm9yv66rmv4k046hqvymhmzdpq""]",[49.714438],"[0.100972, 49.613366]",0.0001,P2WPKH
tx-rec-000003,2026-03-01T08:03:38+00:00,tx_peel_0003,"[""bc1qpeel3j4p66e3walgpm9yv66rmv4k046hqvymhmzdpq""]","[""bc1qpeelhop776ygmqvwfsmureylknq24gww8kz2esy7gwsa6"", ""bc1qpeel040zv7nnfnt7agh065qyhvl7lu20nqzvrmkahh""]",[49.613366],"[0.075018, 49.538248]",0.0001,P2WPKH
tx-rec-000004,2026-03-01T08:04:22+00:00,tx_peel_0004,"[""bc1qpeel040zv7nnfnt7agh065qyhvl7lu20nqzvrmkahh""]","[""bc1qpeelhopaxqwgn3j6lwkec0gwww3cnq6r3qn3qrzm6k26c"", ""bc1qpeeljfc3wfhhydq0a7d88xcmup5aqyuprttvmarp57""]",[49.538248],"[0.192858, 49.34529]",0.0001,P2WPKH
tx-rec-000005,2026-03-01T08:04:58+00:00,tx_peel_0005,"[""bc1qpeeljfc3wfhhydq0a7d88xcmup5aqyuprttvmarp57""]","[""bc1qpeelhopvv65s2arya6wy0s0hhtmh7pggm0w9nu762d52l"", ""bc1qpeelyh8kzd9p6vjtc48khztsskwvvm42ytysztmv4k""]",[49.34529],"[0.208696, 49.136494]",0.0001,P2WPKH
tx-rec-000006,2026-03-01T08:05:38+00:00,tx_peel_0006,"[""bc1qpeelyh8kzd9p6vjtc48khztsskwvvm42ytysztmv4k""]","[""bc1qpeelhopmc34z6apqlkyrd2scwusu3h4vcf772lzj3rmtq"", ""bc1qpeelvx6agjr4nc5vgfs8tcj3dsdp5sf8tffgvtd050""]",[49.136494],"[0.175985, 48.960409]",0.0001,P2WPKH
tx-rec-000007,2026-03-01T08:07:08+00:00,tx_peel_0007,"[""bc1qpeelvx6agjr4nc5vgfs8tcj3dsdp5sf8tffgvtd050""]","[""bc1qpeelhopfv9lmxmhrhtw8a74gtr7mf2dt7nq93aks4cely"", ""bc1qpeelcesfe2x5lzztwzfwqvrcduwm5enwmmgdtnsw3k""]",[48.960409],"[0.063916, 48.896393]",0.0001,P2WPKH
tx-rec-000008,2026-03-01T08:08:11+00:00,tx_peel_0008,"[""bc1qpeelcesfe2x5lzztwzfwqvrcduwm5enwmmgdtnsw3k""]","[""bc1qpeelhopu7uxhh255gvwgux2jlpk0lcxt35ucek6m64tav"", ""bc1qpeela3kjs60tl8srz42dnd2n4argztzlwnkmdatqpq""]",[48.896393],"[0.248385, 48.647908]",0.0001,P2WPKH
tx-rec-000009,2026-03-01T08:08:47+00:00,tx_peel_0009,"[""bc1qpeela3kjs60tl8srz42dnd2n4argztzlwnkmdatqpq""]","[""bc1qpeelhopq93wduaj6d273jtw5chvacs4zjz72ev4a2vvcw"", ""bc1qpeellud4qu32whgdjlje9hfgxhzu55q5qv47hrydym""]",[48.647908],"[0.115569, 48.532239]",0.0001,P2WPKH
tx-rec-000010,2026-03-01T08:09:24+00:00,tx_peel_0010,"[""bc1qpeellud4qu32whgdjlje9hfgxhzu55q5qv47hrydym""]","[""bc1qpeelhop4sr0sn77aksp964yk4kk9ytl6awk20w2e3eqwn"", ""bc1qpeelaj4ada05tfxaa6r0k32hagceuu55nsp5r3mmew""]",[48.532239],"[0.123917, 48.408222]",0.0001,P2WPKH
tx-rec-000011,2026-03-01T08:09:56+00:00,tx_peel_0011,"[""bc1qpeelaj4ada05tfxaa6r0k32hagceuu55nsp5r3mmew""]","[""bc1qpeelhopqgdc7st3xsl3tq4anshy5w9d6xcvch34hvadlj"", ""bc1qpeelwrnvqltqk4k7ml2l7hw4x60t8qwgtme2v0ffvc""]",[48.408222],"[0.241616, 48.166506]",0.0001,P2WPKH
tx-rec-000012,2026-03-01T08:10:33+00:00,tx_peel_0012,"[""bc1qpeelwrnvqltqk4k7ml2l7hw4x60t8qwgtme2v0ffvc""]","[""bc1qpeelhopeq4k3agl886h37qfzlcq6prqu4mc4gaempmucn"", ""bc1qpeelka6s5yp2y6qa45w9yw28m8jjy9ck30nx0kl4sn""]",[48.166506],"[0.245957, 47.920449]",0.0001,P2WPKH
tx-rec-000013,2026-03-01T08:11:39+00:00,tx_peel_0013,"[""bc1qpeelka6s5yp2y6qa45w9yw28m8jjy9ck30nx0kl4sn""]","[""bc1qpeelhop275lstspgamg7watpxxqxzlmjvv2wy0kz4a0fl"", ""bc1qpeel3n7ydztkfxg0guaz0xhmuednlj2rlae45k9fmy""]",[47.920449],"[0.131349, 47.789]",0.0001,P2WPKH
tx-rec-000014,2026-03-01T08:12:49+00:00,tx_peel_0014,"[""bc1qpeel3n7ydztkfxg0guaz0xhmuednlj2rlae45k9fmy""]","[""bc1qpeelhopnqef765kudfav50n5wpz55tvwqxmgfue8f0hrq"", ""bc1qpeelsg8zcgm0qn0hwpfwqsktn30uppduud6sq0gxg8""]",[47.789],"[0.102272, 47.686628]",0.0001,P2WPKH
tx-rec-000015,2026-03-01T08:14:02+00:00,tx_peel_0015,"[""bc1qpeelsg8zcgm0qn0hwpfwqsktn30uppduud6sq0gxg8""]","[""bc1qpeelhop9xl22hdly3rjvs9jjm8npppklmwk0gwlcdza6q"", ""bc1qpeeld3maq8hd9wq77uevlhkplpl3539l8jt7pzqk9k""]",[47.686628],"[0.23428, 47.452248]",0.0001,P2WPKH
tx-rec-000016,2026-03-01T08:15:32+00:00,tx_peel_0016,"[""bc1qpeeld3maq8hd9wq77uevlhkplpl3539l8jt7pzqk9k""]","[""bc1qpeelhopmat9nllpar0h53t9m99rmxrpd6t86j2zymuusf"", ""bc1qpeelpnvcvf4jhj2r2xkcecwtz8qyx7c3n0f0txu8hy""]",[47.452248],"[0.135423, 47.316725]",0.0001,P2WPKH
tx-rec-000017,2026-03-01T08:16:54+00:00,tx_peel_0017,"[""bc1qpeelpnvcvf4jhj2r2xkcecwtz8qyx7c3n0f0txu8hy""]","[""bc1qpeelhopepr6lu29u2ghhyx8pe9jfatecjy4kdvmn99t9l"", ""bc1qpeeltysmsnl322cv35xgan3pkae4s8mp0etwmcytgc""]",[47.316725],"[0.116718, 47.199907]",0.0001,P2WPKH
tx-rec-000018,2026-03-01T08:17:30+00:00,tx_peel_0018,"[""bc1qpeeltysmsnl322cv35xgan3pkae4s8mp0etwmcytgc""]","[""bc1qpeelhopgp8psjpzc003fjpdr92m2mw7m4y3mesnt646ap"", ""bc1qpeelqluw5jdhm6525ljndlk5hmazjp58uk2dzn737h""]",[47.199907],"[0.052458, 47.147349]",0.0001,P2WPKH
tx-rec-000019,2026-03-01T08:18:38+00:00,tx_peel_0019,"[""bc1qpeelqluw5jdhm6525ljndlk5hmazjp58uk2dzn737h""]","[""bc1qpeelhop3gzsqps9s92ez9u63z7en4kfm4g923rs0hn02e"", ""bc1qpeelvlcac4wxhxnqg7hsuteeu00dk5gnxdz7a896v8""]",[47.147349],"[0.188483, 46.958766]",0.0001,P2WPKH
tx-rec-000020,2026-03-01T08:19:19+00:00,tx_peel_0020,"[""bc1qpeelvlcac4wxhxnqg7hsuteeu00dk5gnxdz7a896v8""]","[""bc1qpeelhop5ce0qshert38eqs4kzca2zndvcusa7kypae4qh"", ""bc1qpeelx0pet4xa8tpyzzww35xt7edmz82m7ktc2tvvyw""]",[46.958766],"[0.218576, 46.74009]",0.0001,P2WPKH
tx-rec-000021,2026-03-01T08:20:39+00:00,tx_peel_0021,"[""bc1qpeelx0pet4xa8tpyzzww35xt7edmz82m7ktc2tvvyw""]","[""bc1qpeelhopwg720z8etnhyty0ccre7njyvkr83rh0xm8n0nw"", ""bc1qpeelp3jsnjhgcdqqh9exl287veawlxdk53gdlgmfgf""]",[46.74009],"[0.144133, 46.595857]",0.0001,P2WPKH
tx-rec-000022,2026-03-01T08:21:29+00:00,tx_peel_0022,"[""bc1qpeelp3jsnjhgcdqqh9exl287veawlxdk53gdlgmfgf""]","[""bc1qpeelhopu4mu3u4mm37cure4pkcy72639s6d68l5tne6w3"", ""bc1qpeel0g93wajk3984dkcp9rsv7m5vqk9sadzyus0nzy""]",[46.595857],"[0.104604, 46.491153]",0.0001,P2WPKH
tx-rec-000023,2026-03-01T08:22:13+00:00,tx_peel_0023,"[""bc1qpeel0g93wajk3984dkcp9rsv7m5vqk9sadzyus0nzy""]","[""bc1qpeelhop0xqlaqth559g86qmqm3uafk7zzmvzjgn7245vx"", ""bc1qpeelrhjtsrgtc7sq7gkdl5y0tucfpeskc0tx5ycnmm""]",[46.491153],"[0.095385, 46.395668]",0.0001,P2WPKH
tx-rec-000024,2026-03-01T08:23:07+00:00,tx_peel_0024,"[""bc1qpeelrhjtsrgtc7sq7gkdl5y0tucfpeskc0tx5ycnmm""]","[""bc1qpeelhoph6x2d79mwg42k60j38glfrw8488f7w3l2f7m6d"", ""bc1qpeelek74lgw34k2qh63ya8p32j6vf64kh3yv57fqhm""]",[46.395668],"[0.090841, 46.304727]",0.0001,P2WPKH
tx-rec-000025,2026-03-01T08:23:49+00:00,tx_peel_0025,"[""bc1qpeelek74lgw34k2qh63ya8p32j6vf64kh3yv57fqhm""]","[""bc1qpeelhopg7d9c2l94gfs8a6tywlk8fjv7hg0fv8f8xyxwf"", ""bc1qpeelp9053etjxwglrawgqqamt68wrgx6ley8v9naxq""]",[46.304727],"[0.150495, 46.154132]",0.0001,P2WPKH
tx-rec-000026,2026-03-01T08:25:17+00:00,tx_peel_0026,"[""bc1qpeelp9053etjxwglrawgqqamt68wrgx6ley8v9naxq""]","[""bc1qpeelhop2zrjfetq4h3sqf7d8z0p6gllzg5q6vnq0neqja"", ""bc1qpeelzkz34scg9jg3qrerve04xcrh3k8y5uu604ake3""]",[46.154132],"[0.148698, 46.005334]",0.0001,P2WPKH
tx-rec-000027,2026-03-01T08:26:30+00:00,tx_peel_0027,"[""bc1qpeelzkz34scg9jg3qrerve04xcrh3k8y5uu604ake3""]","[""bc1qpeelhopsqml7pmcxjxd2eg2dnqks5cknrsvqsscwjf2dg"", ""bc1qpeelg6qwkg2njpp4qgm2e78x7000up3y4upr2jucnm""]",[46.005334],"[0.10465, 45.900584]",0.0001,P2WPKH
tx-rec-000028,2026-03-01T08:27:25+00:00,tx_peel_0028,"[""bc1qpeelg6qwkg2njpp4qgm2e78x7000up3y4upr2jucnm""]","[""bc1qpeelhopjuhkuwgdpqzw7w3e6y364557y0fpxhfr070tuj"", ""bc1qpeel47d6eceg3und37amz4kzv6ymzqpzqcnwcvhcml""]",[45.900584],"[0.237785, 45.662699]",0.0001,P2WPKH
tx-rec-000029,2026-03-01T08:28:35+00:00,tx_peel_0029,"[""bc1qpeel47d6eceg3und37amz4kzv6ymzqpzqcnwcvhcml""]","[""bc1qpeelhopclnthpjkglwat8dav5aym6k66qwt64zlgd7qpz"", ""bc1qpeeljq00s48f835h7en8rzgw5ct2tfus8rc72xztq8""]",[45.662699],"[0.198363, 45.464236]",0.0001,P2WPKH
tx-rec-000030,2026-03-01T08:29:38+00:00,tx_peel_0030,"[""bc1qpeeljq00s48f835h7en8rzgw5ct2tfus8rc72xztq8""]","[""bc1qpeelhop5gzk40xsyx5zkjnawzszptrxc4h2p40m8dcm7j"", ""bc1qpeelg0v37n573lux83rar868agn9t3ze6gjrsut0ev""]",[45.464236],"[0.114327, 45.349809]",0.0001,P2WPKH
tx-rec-000031,2026-03-01T08:30:46+00:00,tx_peel_0031,"[""bc1qpeelg0v37n573lux83rar868agn9t3ze6gjrsut0ev""]","[""bc1qpeelhopts73vpyzehmj2peqfe0dagk7wrfg6rwrfum5az"", ""bc1qpeelk6eaakhcq7x0vrdefereaz3wz4x6syssdqnd2e""]",[45.349809],"[0.15744, 45.192269]",0.0001,P2WPKH
tx-rec-000032,2026-03-01T08:31:31+00:00,tx_peel_0032,"[""bc1qpeelk6eaakhcq7x0vrdefereaz3wz4x6syssdqnd2e""]","[""bc1qpeelhopjcxle0n96glx7uahualhr8t5ann4pa6xn0shzm"", ""bc1qpeelxdq0p5my58lp643qeqz3xw6fqjkwlrsxv4ltu9""]",[45.192269],"[0.145545, 45.046624]",0.0001,P2WPKH
tx-rec-000033,2026-03-01T08:32:45+00:00,tx_peel_0033,"[""bc1qpeelxdq0p5my58lp643qeqz3xw6fqjkwlrsxv4ltu9""]","[""bc1qpeelhopdhf9pzudr09l5gqd2dny2an37nsm6ccvt9qdkd"", ""bc1qpeelzu03qjnr6dq76ygu626s9wfnmv6ae9clhp42s0""]",[45.046624],"[0.11162, 44.934904]",0.0001,P2WPKH
tx-rec-000034,2026-03-01T08:33:21+00:00,tx_peel_0034,"[""bc1qpeelzu03qjnr6dq76ygu626s9wfnmv6ae9clhp42s0""]","[""bc1qpeelhop55asfx67jutkqyvqqtfx450dq5gzjz6ar45qqa"", ""bc1qpeeltejy9hsmcpcc8demzvt0veux04jys8gpvjp0ny""]",[44.934904],"[0.092214, 44.84259]",0.0001,P2WPKH
tx-rec-000035,2026-03-01T08:34:31+00:00,tx_peel_0035,"[""bc1qpeeltejy9hsmcpcc8demzvt0veux04jys8gpvjp0ny""]","[""bc1qpeelhop7zfs40hf72plhx2a044ml7p05r9ldvsmj3usjq"", ""bc1qpeel2tcgmem3fxxzvwra75jlvj5tapkv6g4p87sp3f""]",[44.84259],"[0.122041, 44.720449]",0.0001,P2WPKH
tx-rec-000036,2026-03-01T08:35:11+00:00,tx_peel_0036,"[""bc1qpeel2tcgmem3fxxzvwra75jlvj5tapkv6g4p87sp3f""]","[""bc1qpeelhopy6s0rxxvhq6p4uzfjfscgjhdar3hegrpu8fzfv"", ""bc1qpeelce9rpyppxnhtc8lx3cxrrntyf89a4cl7yl5cer""]",[44.720449],"[0.235801, 44.484548]",0.0001,P2WPKH
tx-rec-000037,2026-03-01T08:36:18+00:00,tx_peel_0037,"[""bc1qpeelce9rpyppxnhtc8lx3cxrrntyf89a4cl7yl5cer""]","[""bc1qpeelhopwtyd0ppejp4eqzrw6d77ve8fhsslstydpyzj5g"", ""bc1qpeelvzcdptjm8ekg5yuhgm5ptqmaz4zqhuhqezcu7r""]",[44.484548],"[0.157121, 44.327327]",0.0001,P2WPKH
tx-rec-000038,2026-03-01T08:37:32+00:00,tx_peel_0038,"[""bc1qpeelvzcdptjm8ekg5yuhgm5ptqmaz4zqhuhqezcu7r""]","[""bc1qpeelhop4h8y0ruh06mcamspjhgahjktk0szw4gvg26psw"", ""bc1qpeelxsvraux60efhde3raxqk4ctv2xanlghw7t7ndv""]",[44.327327],"[0.197145, 44.130082]",0.0001,P2WPKH
tx-rec-000039,2026-03-01T08:38:26+00:00,tx_peel_0039,"[""bc1qpeelxsvraux60efhde3raxqk4ctv2xanlghw7t7ndv""]","[""bc1qpeelhop6faeslhkkhk629lepsa2l5dtlsnefzf288a3qv"", ""bc1qpeelfux4z62znlzne28hqyneqtpsvn9nd43hpj0ll9""]",[44.130082],"[0.24008, 43.889902]",0.0001,P2WPKH
tx-rec-000040,2026-03-01T08:39:46+00:00,tx_peel_0040,"[""bc1qpeelfux4z62znlzne28hqyneqtpsvn9nd43hpj0ll9""]","[""bc1qpeelhop46k2pfjf0h0clc4hq7htp6az7nz3v79altmyql"", ""bc1qpeelezqa5cqvkeqeutj3ukuns7p4vq0gc2ln39s34a""]",[43.889902],"[0.168576, 43.721226]",0.0001,P2WPKH
tx-rec-000041,2026-03-01T08:40:43+00:00,tx_peel_0041,"[""bc1qpeelezqa5cqvkeqeutj3ukuns7p4vq0gc2ln39s34a""]","[""bc1qpeelhopl9ljfd3ujapcf9jpkwnj6hpuy9ntvxxr27g8rs"", ""bc1qpeelp82ywak5hcxzmjqp225v75kl9rfk9n6gypy57n""]",[43.721226],"[0.245421, 43.475705]",0.0001,P2WPKH
tx-rec-000042,2026-03-01T08:41:58+00:00,tx_peel_0042,"[""bc1qpeelp82ywak5hcxzmjqp225v75kl9rfk9n6gypy57n""]","[""bc1qpeelhopvfvxnv9a6p8850tahzfw790t9kn2rt2wca3ywp"", ""bc1qpeelpumf5zf0m344k3ndc9v80eze4x6rauhjqvkmw6""]",[43.475705],"[0.124428, 43.351177]",0.0001,P2WPKH
tx-rec-000043,2026-03-01T08:42:39+00:00,tx_peel_0043,"[""bc1qpeelpumf5zf0m344k3ndc9v80eze4x6rauhjqvkmw6""]","[""bc1qpeelhopweuu8lj4plsjh3mscurtrx7479fv2kq4kh89t5"", ""bc1qpeelrykmvh50j55er2rzq8mq6ztj9fywuavyfc33ry""]",[43.351177],"[0.119035, 43.232042]",0.0001,P2WPKH
tx-rec-000044,2026-03-01T08:43:12+00:00,tx_peel_0044,"[""bc1qpeelrykmvh50j55er2rzq8mq6ztj9fywuavyfc33ry""]","[""bc1qpeelhophdanw2rt2xp9enqwpk8g0yxxaxsav6gctnt93s"", ""bc1qpeelaxt0ypx5hppk407u0fkdzpxzyp2g6xsw6d5d2h""]",[43.232042],"[0.066917, 43.165025]",0.0001,P2WPKH
tx-rec-000045,2026-03-01T08:43:49+00:00,tx_peel_0045,"[""bc1qpeelaxt0ypx5hppk407u0fkdzpxzyp2g6xsw6d5d2h""]","[""bc1qpeelhophrxcfx4693frkcqsn6gn07al48qsn5mfygv56l"", ""bc1qpeelpuvvah90nexxyjwxwv20ga4dre0f7jwfx0s9hd""]",[43.165025],"[0.117592, 43.047333]",0.0001,P2WPKH
tx-rec-000046,2026-03-01T08:45:16+00:00,tx_peel_0046,"[""bc1qpeelpuvvah90nexxyjwxwv20ga4dre0f7jwfx0s9hd""]","[""bc1qpeelhopca3deeul00km83g9v2mm5y6l0jsxuh87yu9ref"", ""bc1qpeelt4gu6dfdv772erw67hp9fktqcswjxue4405js8""]",[43.047333],"[0.086436, 42.960797]",0.0001,P2WPKH
tx-rec-000047,2026-03-01T08:46:13+00:00,tx_peel_0047,"[""bc1qpeelt4gu6dfdv772erw67hp9fktqcswjxue4405js8""]","[""bc1qpeelhop77ur76t0z8g8ln3hvze7efm3k2xhdmptqt0jez"", ""bc1qpeelrfahs85j8svz8u7qtqj6zln852zxfm32fan8ch""]",[42.960797],"[0.245288, 42.715409]",0.0001,P2WPKH
tx-rec-000048,2026-03-01T08:47:24+00:00,tx_peel_0048,"[""bc1qpeelrfahs85j8svz8u7qtqj6zln852zxfm32fan8ch""]","[""bc1qpeelhopp5w266hcg3qf9czhz9dfw9uxjf6rhykxng726h"", ""bc1qpeel4dyq8w60pca9mf9hc4pps5dtrlm89l34nm2ywu""]",[42.715409],"[0.060331, 42.654978]",0.0001,P2WPKH
tx-rec-000049,2026-03-01T08:48:53+00:00,tx_peel_0049,"[""bc1qpeel4dyq8w60pca9mf9hc4pps5dtrlm89l34nm2ywu""]","[""bc1qpeelhop6g4whgzkg4r5d7aurulp7z0s6x8h4caz4dx4c0"", ""bc1qpeelymahsk55fqwsvkddn4fhjyt69yay2z7uhkj3gj""]",[42.654978],"[0.069727, 42.585151]",0.0001,P2WPKH
tx-rec-000050,2026-03-01T08:53:53+00:00,tx_fanout_dispersal_001,"[""bc1qfanoute9667qwtgqja8qk62825wx9tn8uk0dmd3qkrfm""]","[""bc1qmulec2uu8y6zkzss4renvnku89lts58rdw366v7hrn"", ""bc1qmule066em338xz4jrtme0usn2835n0yy4rcq7hlg6c"", ""bc1qmule52qn4u4aju5x0f5n8wewu4644ydm4xxwm6jmp5"", ""bc1qmulepaud4xpxtq30x5ncerth3ly93z6ecfqftctn8f"", ""bc1qmulehkkuelflqrq80z0kyx2dvvua5vzx8u25yqe0yd"", ""bc1qmuleqp3uv0d33lu56rrqafctqa5w2sj0upwkuxjqf6"", ""bc1qmulezjz57m86rkuugcnu6tn743mv0ak3msakn29zll"", ""bc1qmulet2cy0dae7srzq4fr4t5lelva5gw3qwtns6yjrn"", ""bc1qmulexctcdvfwse7m35nht5vkzt34cx69d36s9h9wn5"", ""bc1qmule4l2vevx5dvydpj9wpmnr8u0va6e3eg3gnwg3rx"", ""bc1qmulexs7cczhqh925hnc2mexdfh2vyp9n33eaqvjp9u"", ""bc1qmule3wcs6dfhq6qdqe0tm3pmczyrrc5g5v4zfj0gu5"", ""bc1qmulegz47zfk6edyzl0u0wjvqngfdkjs46f6mkevqfa"", ""bc1qmulemxvzt4nmfhsx4gl2af8ge7h4yxfuqr0d8aw9ut"", ""bc1qmulef8wf05duumcyz8z7nutl5nz6wjf4tjntun9ky7"", ""bc1qmule3fnl0qx3er5gnd8wak8stsp9xnnl4gm4aw3hdu"", ""bc1qmuleeh03y3pecxt606lm2zzhmk6rx700j5v47c8ry9"", ""bc1qmulehydkarhje76pw9elsatyhwfrummfldn362jlau"", ""bc1qmulenyd06ctd3pds4c0cgtwkemj49mwv3wfscc7thz"", ""bc1qmulef46celanvzxauewx2n34tr9sekcmeqgvy4dm02"", ""bc1qmule04cqf67wdwzxv9t4y3cmt965g5vswyfg4jlpzc"", ""bc1qmuler89a3kvpr73z207u747ljvsag5jx8dzvjs796a"", ""bc1qmulevn5wr8w60pg9x3f5jj294nrfaemjhfpny82293"", ""bc1qmule48mqe4rw97tdamr4jqhax8c36w50hc693pvmzl"", ""bc1qmuleh84ulzuj654argrz9hd0dqwsvwm4pr0zvp5h8r"", ""bc1qmulezdr7ynywpwgyj9pwefza2jcmfgytazhpg5ympa"", ""bc1qmuleat02al2afp09davps539z7l38hdtnfy49aalpc"", ""bc1qmulelp75ka3lnkewf5gcxqgfff0kyfsma8j5klasee"", ""bc1qmule0tvg22unc4ahc2rpr275rh8pvaaz0hq40m447h"", ""bc1qmuleug24ezuukupvmfn6up6rkhapyhpeq4ff0gl0an"", ""bc1qmulewm2xygr9zdvjdqe3ndrcqt9saexnehplxsj5cy"", ""bc1qmuledme2v644xhsztr8w6wsf3m4v3smuxcqezl79ga"", ""bc1qmule76ut7lnp7twdfk36rxnhulhdmk53fe33ta48mc"", ""bc1qmule8yx9q3vy3lvxje2q4hx90c9cs5krxpw83ywqs2"", ""bc1qmulezymm3ky922jnfavz02stkvprk2sqff5gwzd7f2"", ""bc1qmule8l8rwtlz0ru3562dn8amh439khrdx8qysanj9q"", ""bc1qmulej2wqm975z8r7du5zqng4h29eu39mhve276f2ak"", ""bc1qmuled0mwxxtlscuffrr24erpvygllj6erx50ty38kc"", ""bc1qmuleemdpttm4lc96gggyhv72y9mc36s9v5n5m242pv"", ""bc1qmulel2q2q99pvdqmd3gj8cdufnw5ctcfnhzm62xx0m""]",[10.002],"[0.25, 0.25, 0.25, 0.25, 0.25, 0.25, 0.25, 0.25, 0.25, 0.25, 0.25, 0.25, 0.25, 0.25, 0.25, 0.25, 0.25, 0.25, 0.25, 0.25, 0.25, 0.25, 0.25, 0.25, 0.25, 0.25, 0.25, 0.25, 0.25, 0.25, 0.25, 0.25, 0.25, 0.25, 0.25, 0.25, 0.25, 0.25, 0.25, 0.25]",0.002,P2WSH
tx-rec-000051,2026-03-01T08:53:54+00:00,tx_dust_0000,"[""bc1qattackeryf3k3dh8t8uzx8xppmtc4fj5hw76g6fsqh4vu0""]","[""bc1qdusttargetcqrtqyelp5snyyzlznrk4wtmpjc7lxctz8czqg""]",[5.3e-05],[3e-06],5e-05,P2PKH
tx-rec-000052,2026-03-01T08:53:57+00:00,tx_dust_0001,"[""bc1qattackeryf3k3dh8t8uzx8xppmtc4fj5hw76g6fsqh4vu0""]","[""bc1qdusttargetcqrtqyelp5snyyzlznrk4wtmpjc7lxctz8czqg""]",[5.3e-05],[3e-06],5e-05,P2PKH
tx-rec-000053,2026-03-01T08:53:59+00:00,tx_dust_0002,"[""bc1qattackeryf3k3dh8t8uzx8xppmtc4fj5hw76g6fsqh4vu0""]","[""bc1qdusttargetcqrtqyelp5snyyzlznrk4wtmpjc7lxctz8czqg""]",[5.3e-05],[3e-06],5e-05,P2PKH
tx-rec-000054,2026-03-01T08:54:01+00:00,tx_dust_0003,"[""bc1qattackeryf3k3dh8t8uzx8xppmtc4fj5hw76g6fsqh4vu0""]","[""bc1qdusttargetcqrtqyelp5snyyzlznrk4wtmpjc7lxctz8czqg""]",[5.3e-05],[3e-06],5e-05,P2PKH
tx-rec-000055,2026-03-01T08:54:04+00:00,tx_dust_0004,"[""bc1qattackeryf3k3dh8t8uzx8xppmtc4fj5hw76g6fsqh4vu0""]","[""bc1qdusttargetcqrtqyelp5snyyzlznrk4wtmpjc7lxctz8czqg""]",[5.3e-05],[3e-06],5e-05,P2PKH
tx-rec-000056,2026-03-01T08:54:07+00:00,tx_dust_0005,"[""bc1qattackeryf3k3dh8t8uzx8xppmtc4fj5hw76g6fsqh4vu0""]","[""bc1qdusttargetcqrtqyelp5snyyzlznrk4wtmpjc7lxctz8czqg""]",[5.3e-05],[3e-06],5e-05,P2PKH
tx-rec-000057,2026-03-01T08:54:09+00:00,tx_dust_0006,"[""bc1qattackeryf3k3dh8t8uzx8xppmtc4fj5hw76g6fsqh4vu0""]","[""bc1qdusttargetcqrtqyelp5snyyzlznrk4wtmpjc7lxctz8czqg""]",[5.3e-05],[3e-06],5e-05,P2PKH
tx-rec-000058,2026-03-01T08:54:12+00:00,tx_dust_0007,"[""bc1qattackeryf3k3dh8t8uzx8xppmtc4fj5hw76g6fsqh4vu0""]","[""bc1qdusttargetcqrtqyelp5snyyzlznrk4wtmpjc7lxctz8czqg""]",[5.3e-05],[3e-06],5e-05,P2PKH
tx-rec-000059,2026-03-01T08:54:15+00:00,tx_dust_0008,"[""bc1qattackeryf3k3dh8t8uzx8xppmtc4fj5hw76g6fsqh4vu0""]","[""bc1qdusttargetcqrtqyelp5snyyzlznrk4wtmpjc7lxctz8czqg""]",[5.3e-05],[3e-06],5e-05,P2PKH
tx-rec-000060,2026-03-01T08:54:18+00:00,tx_dust_0009,"[""bc1qattackeryf3k3dh8t8uzx8xppmtc4fj5hw76g6fsqh4vu0""]","[""bc1qdusttargetcqrtqyelp5snyyzlznrk4wtmpjc7lxctz8czqg""]",[5.3e-05],[3e-06],5e-05,P2PKH
tx-rec-000061,2026-03-01T08:54:20+00:00,tx_dust_0010,"[""bc1qattackeryf3k3dh8t8uzx8xppmtc4fj5hw76g6fsqh4vu0""]","[""bc1qdusttargetcqrtqyelp5snyyzlznrk4wtmpjc7lxctz8czqg""]",[5.3e-05],[3e-06],5e-05,P2PKH
tx-rec-000062,2026-03-01T08:54:23+00:00,tx_dust_0011,"[""bc1qattackeryf3k3dh8t8uzx8xppmtc4fj5hw76g6fsqh4vu0""]","[""bc1qdusttargetcqrtqyelp5snyyzlznrk4wtmpjc7lxctz8czqg""]",[5.3e-05],[3e-06],5e-05,P2PKH
tx-rec-000063,2026-03-01T08:54:25+00:00,tx_dust_0012,"[""bc1qattackeryf3k3dh8t8uzx8xppmtc4fj5hw76g6fsqh4vu0""]","[""bc1qdusttargetcqrtqyelp5snyyzlznrk4wtmpjc7lxctz8czqg""]",[5.3e-05],[3e-06],5e-05,P2PKH
tx-rec-000064,2026-03-01T08:54:28+00:00,tx_dust_0013,"[""bc1qattackeryf3k3dh8t8uzx8xppmtc4fj5hw76g6fsqh4vu0""]","[""bc1qdusttargetcqrtqyelp5snyyzlznrk4wtmpjc7lxctz8czqg""]",[5.3e-05],[3e-06],5e-05,P2PKH
tx-rec-000065,2026-03-01T08:54:31+00:00,tx_dust_0014,"[""bc1qattackeryf3k3dh8t8uzx8xppmtc4fj5hw76g6fsqh4vu0""]","[""bc1qdusttargetcqrtqyelp5snyyzlznrk4wtmpjc7lxctz8czqg""]",[5.3e-05],[3e-06],5e-05,P2PKH
tx-rec-000066,2026-03-01T08:54:34+00:00,tx_dust_0015,"[""bc1qattackeryf3k3dh8t8uzx8xppmtc4fj5hw76g6fsqh4vu0""]","[""bc1qdusttargetcqrtqyelp5snyyzlznrk4wtmpjc7lxctz8czqg""]",[5.3e-05],[3e-06],5e-05,P2PKH
tx-rec-000067,2026-03-01T08:54:35+00:00,tx_dust_0016,"[""bc1qattackeryf3k3dh8t8uzx8xppmtc4fj5hw76g6fsqh4vu0""]","[""bc1qdusttargetcqrtqyelp5snyyzlznrk4wtmpjc7lxctz8czqg""]",[5.3e-05],[3e-06],5e-05,P2PKH
tx-rec-000068,2026-03-01T08:54:37+00:00,tx_dust_0017,"[""bc1qattackeryf3k3dh8t8uzx8xppmtc4fj5hw76g6fsqh4vu0""]","[""bc1qdusttargetcqrtqyelp5snyyzlznrk4wtmpjc7lxctz8czqg""]",[5.3e-05],[3e-06],5e-05,P2PKH
tx-rec-000069,2026-03-01T08:54:39+00:00,tx_dust_0018,"[""bc1qattackeryf3k3dh8t8uzx8xppmtc4fj5hw76g6fsqh4vu0""]","[""bc1qdusttargetcqrtqyelp5snyyzlznrk4wtmpjc7lxctz8czqg""]",[5.3e-05],[3e-06],5e-05,P2PKH
tx-rec-000070,2026-03-01T08:54:40+00:00,tx_dust_0019,"[""bc1qattackeryf3k3dh8t8uzx8xppmtc4fj5hw76g6fsqh4vu0""]","[""bc1qdusttargetcqrtqyelp5snyyzlznrk4wtmpjc7lxctz8czqg""]",[5.3e-05],[3e-06],5e-05,P2PKH
tx-rec-000071,2026-03-01T08:54:42+00:00,tx_dust_0020,"[""bc1qattackeryf3k3dh8t8uzx8xppmtc4fj5hw76g6fsqh4vu0""]","[""bc1qdusttargetcqrtqyelp5snyyzlznrk4wtmpjc7lxctz8czqg""]",[5.3e-05],[3e-06],5e-05,P2PKH
tx-rec-000072,2026-03-01T08:54:43+00:00,tx_dust_0021,"[""bc1qattackeryf3k3dh8t8uzx8xppmtc4fj5hw76g6fsqh4vu0""]","[""bc1qdusttargetcqrtqyelp5snyyzlznrk4wtmpjc7lxctz8czqg""]",[5.3e-05],[3e-06],5e-05,P2PKH
tx-rec-000073,2026-03-01T08:54:45+00:00,tx_dust_0022,"[""bc1qattackeryf3k3dh8t8uzx8xppmtc4fj5hw76g6fsqh4vu0""]","[""bc1qdusttargetcqrtqyelp5snyyzlznrk4wtmpjc7lxctz8czqg""]",[5.3e-05],[3e-06],5e-05,P2PKH
tx-rec-000074,2026-03-01T08:54:48+00:00,tx_dust_0023,"[""bc1qattackeryf3k3dh8t8uzx8xppmtc4fj5hw76g6fsqh4vu0""]","[""bc1qdusttargetcqrtqyelp5snyyzlznrk4wtmpjc7lxctz8czqg""]",[5.3e-05],[3e-06],5e-05,P2PKH
tx-rec-000075,2026-03-01T08:54:51+00:00,tx_dust_0024,"[""bc1qattackeryf3k3dh8t8uzx8xppmtc4fj5hw76g6fsqh4vu0""]","[""bc1qdusttargetcqrtqyelp5snyyzlznrk4wtmpjc7lxctz8czqg""]",[5.3e-05],[3e-06],5e-05,P2PKH
tx-rec-000076,2026-03-01T08:54:53+00:00,tx_dust_0025,"[""bc1qattackeryf3k3dh8t8uzx8xppmtc4fj5hw76g6fsqh4vu0""]","[""bc1qdusttargetcqrtqyelp5snyyzlznrk4wtmpjc7lxctz8czqg""]",[5.3e-05],[3e-06],5e-05,P2PKH
tx-rec-000077,2026-03-01T08:54:55+00:00,tx_dust_0026,"[""bc1qattackeryf3k3dh8t8uzx8xppmtc4fj5hw76g6fsqh4vu0""]","[""bc1qdusttargetcqrtqyelp5snyyzlznrk4wtmpjc7lxctz8czqg""]",[5.3e-05],[3e-06],5e-05,P2PKH
tx-rec-000078,2026-03-01T08:54:56+00:00,tx_dust_0027,"[""bc1qattackeryf3k3dh8t8uzx8xppmtc4fj5hw76g6fsqh4vu0""]","[""bc1qdusttargetcqrtqyelp5snyyzlznrk4wtmpjc7lxctz8czqg""]",[5.3e-05],[3e-06],5e-05,P2PKH
tx-rec-000079,2026-03-01T08:54:58+00:00,tx_dust_0028,"[""bc1qattackeryf3k3dh8t8uzx8xppmtc4fj5hw76g6fsqh4vu0""]","[""bc1qdusttargetcqrtqyelp5snyyzlznrk4wtmpjc7lxctz8czqg""]",[5.3e-05],[3e-06],5e-05,P2PKH
tx-rec-000080,2026-03-01T08:55:01+00:00,tx_dust_0029,"[""bc1qattackeryf3k3dh8t8uzx8xppmtc4fj5hw76g6fsqh4vu0""]","[""bc1qdusttargetcqrtqyelp5snyyzlznrk4wtmpjc7lxctz8czqg""]",[5.3e-05],[3e-06],5e-05,P2PKH
tx-rec-000081,2026-03-01T08:55:02+00:00,tx_dust_0030,"[""bc1qattackeryf3k3dh8t8uzx8xppmtc4fj5hw76g6fsqh4vu0""]","[""bc1qdusttargetcqrtqyelp5snyyzlznrk4wtmpjc7lxctz8czqg""]",[5.3e-05],[3e-06],5e-05,P2PKH
tx-rec-000082,2026-03-01T08:55:03+00:00,tx_dust_0031,"[""bc1qattackeryf3k3dh8t8uzx8xppmtc4fj5hw76g6fsqh4vu0""]","[""bc1qdusttargetcqrtqyelp5snyyzlznrk4wtmpjc7lxctz8czqg""]",[5.3e-05],[3e-06],5e-05,P2PKH
tx-rec-000083,2026-03-01T08:55:05+00:00,tx_dust_0032,"[""bc1qattackeryf3k3dh8t8uzx8xppmtc4fj5hw76g6fsqh4vu0""]","[""bc1qdusttargetcqrtqyelp5snyyzlznrk4wtmpjc7lxctz8czqg""]",[5.3e-05],[3e-06],5e-05,P2PKH
tx-rec-000084,2026-03-01T08:55:06+00:00,tx_dust_0033,"[""bc1qattackeryf3k3dh8t8uzx8xppmtc4fj5hw76g6fsqh4vu0""]","[""bc1qdusttargetcqrtqyelp5snyyzlznrk4wtmpjc7lxctz8czqg""]",[5.3e-05],[3e-06],5e-05,P2PKH
tx-rec-000085,2026-03-01T08:55:08+00:00,tx_dust_0034,"[""bc1qattackeryf3k3dh8t8uzx8xppmtc4fj5hw76g6fsqh4vu0""]","[""bc1qdusttargetcqrtqyelp5snyyzlznrk4wtmpjc7lxctz8czqg""]",[5.3e-05],[3e-06],5e-05,P2PKH
tx-rec-000086,2026-03-01T08:55:11+00:00,tx_dust_0035,"[""bc1qattackeryf3k3dh8t8uzx8xppmtc4fj5hw76g6fsqh4vu0""]","[""bc1qdusttargetcqrtqyelp5snyyzlznrk4wtmpjc7lxctz8czqg""]",[5.3e-05],[3e-06],5e-05,P2PKH
tx-rec-000087,2026-03-01T08:55:12+00:00,tx_dust_0036,"[""bc1qattackeryf3k3dh8t8uzx8xppmtc4fj5hw76g6fsqh4vu0""]","[""bc1qdusttargetcqrtqyelp5snyyzlznrk4wtmpjc7lxctz8czqg""]",[5.3e-05],[3e-06],5e-05,P2PKH
tx-rec-000088,2026-03-01T08:55:13+00:00,tx_dust_0037,"[""bc1qattackeryf3k3dh8t8uzx8xppmtc4fj5hw76g6fsqh4vu0""]","[""bc1qdusttargetcqrtqyelp5snyyzlznrk4wtmpjc7lxctz8czqg""]",[5.3e-05],[3e-06],5e-05,P2PKH
tx-rec-000089,2026-03-01T08:55:16+00:00,tx_dust_0038,"[""bc1qattackeryf3k3dh8t8uzx8xppmtc4fj5hw76g6fsqh4vu0""]","[""bc1qdusttargetcqrtqyelp5snyyzlznrk4wtmpjc7lxctz8czqg""]",[5.3e-05],[3e-06],5e-05,P2PKH
tx-rec-000090,2026-03-01T08:55:17+00:00,tx_dust_0039,"[""bc1qattackeryf3k3dh8t8uzx8xppmtc4fj5hw76g6fsqh4vu0""]","[""bc1qdusttargetcqrtqyelp5snyyzlznrk4wtmpjc7lxctz8czqg""]",[5.3e-05],[3e-06],5e-05,P2PKH
tx-rec-000091,2026-03-01T08:55:18+00:00,tx_dust_0040,"[""bc1qattackeryf3k3dh8t8uzx8xppmtc4fj5hw76g6fsqh4vu0""]","[""bc1qdusttargetcqrtqyelp5snyyzlznrk4wtmpjc7lxctz8czqg""]",[5.3e-05],[3e-06],5e-05,P2PKH
tx-rec-000092,2026-03-01T08:55:21+00:00,tx_dust_0041,"[""bc1qattackeryf3k3dh8t8uzx8xppmtc4fj5hw76g6fsqh4vu0""]","[""bc1qdusttargetcqrtqyelp5snyyzlznrk4wtmpjc7lxctz8czqg""]",[5.3e-05],[3e-06],5e-05,P2PKH
tx-rec-000093,2026-03-01T08:55:22+00:00,tx_dust_0042,"[""bc1qattackeryf3k3dh8t8uzx8xppmtc4fj5hw76g6fsqh4vu0""]","[""bc1qdusttargetcqrtqyelp5snyyzlznrk4wtmpjc7lxctz8czqg""]",[5.3e-05],[3e-06],5e-05,P2PKH
tx-rec-000094,2026-03-01T08:55:24+00:00,tx_dust_0043,"[""bc1qattackeryf3k3dh8t8uzx8xppmtc4fj5hw76g6fsqh4vu0""]","[""bc1qdusttargetcqrtqyelp5snyyzlznrk4wtmpjc7lxctz8czqg""]",[5.3e-05],[3e-06],5e-05,P2PKH
tx-rec-000095,2026-03-01T08:55:27+00:00,tx_dust_0044,"[""bc1qattackeryf3k3dh8t8uzx8xppmtc4fj5hw76g6fsqh4vu0""]","[""bc1qdusttargetcqrtqyelp5snyyzlznrk4wtmpjc7lxctz8czqg""]",[5.3e-05],[3e-06],5e-05,P2PKH
tx-rec-000096,2026-03-01T08:55:30+00:00,tx_dust_0045,"[""bc1qattackeryf3k3dh8t8uzx8xppmtc4fj5hw76g6fsqh4vu0""]","[""bc1qdusttargetcqrtqyelp5snyyzlznrk4wtmpjc7lxctz8czqg""]",[5.3e-05],[3e-06],5e-05,P2PKH
tx-rec-000097,2026-03-01T08:55:32+00:00,tx_dust_0046,"[""bc1qattackeryf3k3dh8t8uzx8xppmtc4fj5hw76g6fsqh4vu0""]","[""bc1qdusttargetcqrtqyelp5snyyzlznrk4wtmpjc7lxctz8czqg""]",[5.3e-05],[3e-06],5e-05,P2PKH
tx-rec-000098,2026-03-01T08:55:35+00:00,tx_dust_0047,"[""bc1qattackeryf3k3dh8t8uzx8xppmtc4fj5hw76g6fsqh4vu0""]","[""bc1qdusttargetcqrtqyelp5snyyzlznrk4wtmpjc7lxctz8czqg""]",[5.3e-05],[3e-06],5e-05,P2PKH
tx-rec-000099,2026-03-01T08:55:37+00:00,tx_dust_0048,"[""bc1qattackeryf3k3dh8t8uzx8xppmtc4fj5hw76g6fsqh4vu0""]","[""bc1qdusttargetcqrtqyelp5snyyzlznrk4wtmpjc7lxctz8czqg""]",[5.3e-05],[3e-06],5e-05,P2PKH
tx-rec-000100,2026-03-01T08:55:39+00:00,tx_dust_0049,"[""bc1qattackeryf3k3dh8t8uzx8xppmtc4fj5hw76g6fsqh4vu0""]","[""bc1qdusttargetcqrtqyelp5snyyzlznrk4wtmpjc7lxctz8czqg""]",[5.3e-05],[3e-06],5e-05,P2PKH
tx-rec-000101,2026-03-01T08:55:40+00:00,tx_dust_0050,"[""bc1qattackeryf3k3dh8t8uzx8xppmtc4fj5hw76g6fsqh4vu0""]","[""bc1qdusttargetcqrtqyelp5snyyzlznrk4wtmpjc7lxctz8czqg""]",[5.3e-05],[3e-06],5e-05,P2PKH
tx-rec-000102,2026-03-01T08:55:42+00:00,tx_dust_0051,"[""bc1qattackeryf3k3dh8t8uzx8xppmtc4fj5hw76g6fsqh4vu0""]","[""bc1qdusttargetcqrtqyelp5snyyzlznrk4wtmpjc7lxctz8czqg""]",[5.3e-05],[3e-06],5e-05,P2PKH
tx-rec-000103,2026-03-01T08:55:45+00:00,tx_dust_0052,"[""bc1qattackeryf3k3dh8t8uzx8xppmtc4fj5hw76g6fsqh4vu0""]","[""bc1qdusttargetcqrtqyelp5snyyzlznrk4wtmpjc7lxctz8czqg""]",[5.3e-05],[3e-06],5e-05,P2PKH
tx-rec-000104,2026-03-01T08:55:48+00:00,tx_dust_0053,"[""bc1qattackeryf3k3dh8t8uzx8xppmtc4fj5hw76g6fsqh4vu0""]","[""bc1qdusttargetcqrtqyelp5snyyzlznrk4wtmpjc7lxctz8czqg""]",[5.3e-05],[3e-06],5e-05,P2PKH
tx-rec-000105,2026-03-01T08:55:49+00:00,tx_dust_0054,"[""bc1qattackeryf3k3dh8t8uzx8xppmtc4fj5hw76g6fsqh4vu0""]","[""bc1qdusttargetcqrtqyelp5snyyzlznrk4wtmpjc7lxctz8czqg""]",[5.3e-05],[3e-06],5e-05,P2PKH
tx-rec-000106,2026-03-01T08:55:51+00:00,tx_dust_0055,"[""bc1qattackeryf3k3dh8t8uzx8xppmtc4fj5hw76g6fsqh4vu0""]","[""bc1qdusttargetcqrtqyelp5snyyzlznrk4wtmpjc7lxctz8czqg""]",[5.3e-05],[3e-06],5e-05,P2PKH
tx-rec-000107,2026-03-01T08:55:54+00:00,tx_dust_0056,"[""bc1qattackeryf3k3dh8t8uzx8xppmtc4fj5hw76g6fsqh4vu0""]","[""bc1qdusttargetcqrtqyelp5snyyzlznrk4wtmpjc7lxctz8czqg""]",[5.3e-05],[3e-06],5e-05,P2PKH
tx-rec-000108,2026-03-01T08:55:57+00:00,tx_dust_0057,"[""bc1qattackeryf3k3dh8t8uzx8xppmtc4fj5hw76g6fsqh4vu0""]","[""bc1qdusttargetcqrtqyelp5snyyzlznrk4wtmpjc7lxctz8czqg""]",[5.3e-05],[3e-06],5e-05,P2PKH
tx-rec-000109,2026-03-01T08:55:58+00:00,tx_dust_0058,"[""bc1qattackeryf3k3dh8t8uzx8xppmtc4fj5hw76g6fsqh4vu0""]","[""bc1qdusttargetcqrtqyelp5snyyzlznrk4wtmpjc7lxctz8czqg""]",[5.3e-05],[3e-06],5e-05,P2PKH
tx-rec-000110,2026-03-01T08:56:01+00:00,tx_dust_0059,"[""bc1qattackeryf3k3dh8t8uzx8xppmtc4fj5hw76g6fsqh4vu0""]","[""bc1qdusttargetcqrtqyelp5snyyzlznrk4wtmpjc7lxctz8czqg""]",[5.3e-05],[3e-06],5e-05,P2PKH
tx-rec-000111,2026-03-01T08:59:01+00:00,tx_fee_anomaly_0000,"[""bc1qkqq6y035xf3832ezmjqmyung7pta2mj862806z""]","[""bc1qdkx904vy7ln6sdphrwean56tcnlv368ca9n9gv""]",[0.7856],[0.3617],0.4239,P2WPKH
tx-rec-000112,2026-03-01T09:03:01+00:00,tx_fee_anomaly_0001,"[""bc1qrzytdt0kgppluy480wkx83uxaf5yah4w5gpryf""]","[""bc1qwgtnch524wcqj68ggj6dafcmtn34parpxvcl5d""]",[1.8082],[0.9854],0.8228,P2WPKH
tx-rec-000113,2026-03-01T09:07:01+00:00,tx_fee_anomaly_0002,"[""bc1qdkx904vy7ln6sdphrwean56tcnlv368ca9n9gv""]","[""bc1qv3fn7qh8n0ss4f6yj28vgtpzmywmrjukwrh98n""]",[0.9239],[0.5085],0.4154,P2WPKH
tx-rec-000114,2026-03-01T09:08:01+00:00,tx_fee_anomaly_0003,"[""bc1qg462atcr4s2vp6dgmw3u6ey9evtnt4q2y6fltp""]","[""bc1qn5hzcqnvvvecqsv23nxzrf4nvgqw2tad5jlt63""]",[1.236],[0.5527],0.6833,P2WPKH
tx-rec-000115,2026-03-01T09:10:01+00:00,tx_fee_anomaly_0004,"[""bc1qrqae6lyvnp9f0ss0xnm09taynfed9gpue4jpud""]","[""bc1qvm8x5g990twp6gdlnf9v7eh8llzazp9lpr2mhw""]",[1.4566],[0.6976],0.759,P2WPKH
tx-rec-000116,2026-03-01T09:14:01+00:00,tx_fee_anomaly_0005,"[""bc1qszz4p9ux2z8vtduv6ltqx0qyll7zwhah388j0x""]","[""bc1qkqaudpzltrq0hytslrl6nmu5p2y40c5qfsxvr2""]",[1.2353],[0.5466],0.6887,P2WPKH
tx-rec-000117,2026-03-01T09:15:01+00:00,tx_fee_anomaly_0006,"[""bc1q2xmphldtc863jfk387cd7sjzuz0pgwmmypcxye""]","[""bc1qfy8gd02j8zd0xunt5auq5qg039ukrj4aa2ftg4""]",[1.9444],[0.7307],1.2137,P2WPKH
tx-rec-000118,2026-03-01T09:19:01+00:00,tx_fee_anomaly_0007,"[""bc1q84rhek99gzaxh4vgwg3pvcd3kwvqxntj475t0k""]","[""bc1qrqae6lyvnp9f0ss0xnm09taynfed9gpue4jpud""]",[0.6737],[0.3259],0.3478,P2WPKH
tx-rec-000119,2026-03-01T09:23:01+00:00,tx_fee_anomaly_0008,"[""bc1qxvanm5sksj0c0xwua2wy3h3ss5hk9vf7kr7azn""]","[""bc1qwm0j85fm8fp3z3jjzkehnz90tdrnsrc2ku6sgq""]",[1.4016],[0.6002],0.8014,P2WPKH
tx-rec-000120,2026-03-01T09:26:01+00:00,tx_fee_anomaly_0009,"[""bc1q8sv3gq3l2kjl5cj47l3jtgjg2gtreurl2d3zx3""]","[""bc1qcqjuu9k6ndnujexjdvhhmj563n76dq48trhh76""]",[0.8924],[0.4646],0.4278,P2WPKH
tx-rec-000121,2026-03-01T09:29:01+00:00,tx_fee_anomaly_0010,"[""bc1qh3wqjwtpm4s6zzt5fzfznu9xx3eec9gvtmjff5""]","[""bc1qu02l6n2l296yml0rpa3gzv6umtu6p9rcgl8e47""]",[1.2283],[0.6697],0.5586,P2WPKH
tx-rec-000122,2026-03-01T09:31:01+00:00,tx_fee_anomaly_0011,"[""bc1ql7qs6mr4uy40apyeq3qn4svm4ztdfdjcvu4ynu""]","[""bc1qezy2mxy8lx5r8z6w3qnwg983940erzwhek4hvn""]",[1.304],[0.5283],0.7757,P2WPKH
tx-rec-000123,2026-03-01T09:32:01+00:00,tx_fee_anomaly_0012,"[""bc1qx6w6xzehxyxw0l4zazkhyvg746g96rtls6vwuj""]","[""bc1qv3fn7qh8n0ss4f6yj28vgtpzmywmrjukwrh98n""]",[1.9254],[1.1451],0.7803,P2WPKH
tx-rec-000124,2026-03-01T09:33:01+00:00,tx_fee_anomaly_0013,"[""bc1q57cpjc6xcdsrnqm78k8zaa7qcdxt94pezuytaa""]","[""bc1qz5j0ngrn5fpv34sleyc593kmmsqvpajjra2wyh""]",[1.4824],[0.6972],0.7852,P2WPKH
tx-rec-000125,2026-03-01T09:35:01+00:00,tx_fee_anomaly_0014,"[""bc1qqdg9h7kxq5ml8pjn2fq4s0kxfxwh7ycnx3lkrx""]","[""bc1qakj6y5prmulu02nlnsfnhnayhtpa32gh7mcqrv""]",[0.9353],[0.5234],0.4119,P2WPKH
tx-rec-000126,2026-03-01T09:36:01+00:00,tx_fee_anomaly_0015,"[""bc1qq5n6x9n9dw6eaq8nq0h58p0quzf53er4cw5ss5""]","[""bc1qcpe6g5m0el0n5g2e7csesu930kzdnsnsy7055p""]",[1.7682],[0.7271],1.0411,P2WPKH
tx-rec-000127,2026-03-01T09:39:01+00:00,tx_fee_anomaly_0016,"[""bc1qkaxudtg2w7jy6yk03psvf4kqzsnyr5gc32tkl8""]","[""bc1qarmcwzcwd7yxe8r5rl6dn2w9k2zpn0qfekh5qn""]",[0.9522],[0.5166],0.4356,P2WPKH
tx-rec-000128,2026-03-01T09:43:01+00:00,tx_fee_anomaly_0017,"[""bc1qyqemyaetupurpjnfdd67yh853v4suw2cs5e6us""]","[""bc1qmsk2hmhzwvhzx98l2thkjep6zqgq07lcm9k8hm""]",[0.6968],[0.2891],0.4077,P2WPKH
tx-rec-000129,2026-03-01T09:47:01+00:00,tx_fee_anomaly_0018,"[""bc1q4hmjzzx5vldpsys03922tjnjfq3km9aj7tkenu""]","[""bc1q75qxvc0lxsvvydye4a56ytyn6yqxt8l6aq5ryy""]",[0.5302],[0.2197],0.3105,P2WPKH
tx-rec-000130,2026-03-01T09:49:01+00:00,tx_fee_anomaly_0019,"[""bc1q40mkyarwdfnj68u76tvvxzgka34rhc5n4mwcgm""]","[""bc1qdtkm3azrjsu3zngpdwsn6yfx2456cqdywv9nk5""]",[1.7472],[0.673],1.0742,P2WPKH
tx-rec-000131,2026-03-01T09:49:35+00:00,tx_norm_000131,"[""bc1qrzytdt0kgppluy480wkx83uxaf5yah4w5gpryf""]","[""bc1qsjn93a9ck58qq3fkf7fwlqvse0dsvyfrkm88f0""]",[1.021238],[1.021118],0.00012,P2TR
tx-rec-000132,2026-03-01T09:50:04+00:00,tx_norm_000132,"[""bc1qwm0j85fm8fp3z3jjzkehnz90tdrnsrc2ku6sgq""]","[""bc1quynh6t6rhxkn22vypsfu8q0jdmpmhh0k0j9z0u""]",[0.362945],[0.362825],0.00012,P2WPKH
tx-rec-000133,2026-03-01T09:50:39+00:00,tx_norm_000133,"[""bc1qfy8gd02j8zd0xunt5auq5qg039ukrj4aa2ftg4""]","[""bc1qc694t02thmd363mxzn2nqt58ztstg7qd5whgaq""]",[2.707692],[2.707572],0.00012,P2TR
tx-rec-000134,2026-03-01T09:50:45+00:00,tx_norm_000134,"[""bc1qmmldvmuqam354a6qjf5e6nqnzkh5cg2d05uyjh""]","[""bc1qhjx6lr5emwjezxs9yzg5fqraqvqxn7madpznyj""]",[1.518686],[1.518566],0.00012,P2PKH
tx-rec-000135,2026-03-01T09:51:18+00:00,tx_norm_000135,"[""bc1q39nkczjgm4qvnsr7g8cgf4fpd5x3u34rtklkc4""]","[""bc1qdjp9z0egr8gt50uz5udnnl9u03wg5wuc2g6lue""]",[3.754728],[3.754608],0.00012,P2SH
tx-rec-000136,2026-03-01T09:51:51+00:00,tx_norm_000136,"[""bc1qqdg9h7kxq5ml8pjn2fq4s0kxfxwh7ycnx3lkrx""]","[""bc1qcat4vnp6z866ky8e6nf0m7leq7st34v6cg9vjn""]",[2.170444],[2.170324],0.00012,P2WPKH
tx-rec-000137,2026-03-01T09:52:05+00:00,tx_norm_000137,"[""bc1qcqjuu9k6ndnujexjdvhhmj563n76dq48trhh76""]","[""bc1qpm706a3vaehp3k6wdg9g892sp3dkzlkuufkvhw"", ""bc1qjuaalzh5kdkkgc7ql8s2rqtepuzh2jlvvgjgrf""]",[4.147893],"[3.757018, 0.390755]",0.00012,P2TR
tx-rec-000138,2026-03-01T09:52:47+00:00,tx_norm_000138,"[""bc1qqjut3v20xvllqf40ctmux3v8ljeacc6j4jwdru""]","[""bc1qraafea5fypwmak0aflngg7hwt63jncusp8708h""]",[0.548536],[0.548416],0.00012,P2TR
tx-rec-000139,2026-03-01T09:53:25+00:00,tx_norm_000139,"[""bc1qv3h8z28ne8gtgvg4hn4fk03mmaj7pyd28gkmhp""]","[""bc1qsdeljr33auxdy9m7xl9f43aytywulqylssyggl"", ""bc1q9enf0pknmslq3x4ta3sgephk5etky5pxtrdykk""]",[2.974633],"[2.183728, 0.790785]",0.00012,P2TR
tx-rec-000140,2026-03-01T09:53:49+00:00,tx_norm_000140,"[""bc1qhjx6lr5emwjezxs9yzg5fqraqvqxn7madpznyj""]","[""bc1qz5dkcg984aem8v6clcshjha0yjy7d2hwnhkvfw"", ""bc1qapp9m5u4r444779j7qa2h7xc0pxup53jr498za""]",[4.104531],"[3.212974, 0.891437]",0.00012,P2TR
tx-rec-000141,2026-03-01T09:54:49+00:00,tx_norm_000141,"[""bc1qn098rpw3f07j07nk8lt0tqc5yc34vmtrkzekum""]","[""bc1qt6gfp8gargkathudyzgaejyut59nvk4vvas9w5""]",[2.659698],[2.659578],0.00012,P2TR
tx-rec-000142,2026-03-01T09:55:28+00:00,tx_norm_000142,"[""bc1qmmldvmuqam354a6qjf5e6nqnzkh5cg2d05uyjh""]","[""bc1q84rhek99gzaxh4vgwg3pvcd3kwvqxntj475t0k"", ""bc1q8eue4llkpkygqgaqutfhn8pqt3zhejxqktdwkn""]",[4.786717],"[3.694182, 1.092415]",0.00012,P2PKH
tx-rec-000143,2026-03-01T09:55:39+00:00,tx_norm_000143,"[""bc1qy4zh8m7xksekd9jh4zhuxdfl859xlf5ceuhnp9""]","[""bc1qg462atcr4s2vp6dgmw3u6ey9evtnt4q2y6fltp"", ""bc1qvlq28a3849ndd79xnm6r6eznkpus82c97ywcne""]",[0.630055],"[0.303005, 0.32693]",0.00012,P2PKH
tx-rec-000144,2026-03-01T09:55:54+00:00,tx_norm_000144,"[""bc1qrzytdt0kgppluy480wkx83uxaf5yah4w5gpryf""]","[""bc1qh23xwl2xcylsqe368uewcs5zrjz2fucsyes09z"", ""bc1qee9f8sxtpartfv6anm9m702k649qr85hcatzgt""]",[4.043161],"[3.349186, 0.693855]",0.00012,P2SH
tx-rec-000145,2026-03-01T09:56:39+00:00,tx_norm_000145,"[""bc1qzhsd8sragjejpvtm6jg6ypyrhd8h3d27xdhg2z""]","[""bc1qq5n6x9n9dw6eaq8nq0h58p0quzf53er4cw5ss5""]",[1.878379],[1.878259],0.00012,P2TR
tx-rec-000146,2026-03-01T09:57:09+00:00,tx_norm_000146,"[""bc1qvlq28a3849ndd79xnm6r6eznkpus82c97ywcne""]","[""bc1qnt3sga272xjzk9s7dsvc4dwrwezhhxjtr3mukc""]",[0.457228],[0.457108],0.00012,P2WPKH
tx-rec-000147,2026-03-01T09:57:47+00:00,tx_norm_000147,"[""bc1qdtkm3azrjsu3zngpdwsn6yfx2456cqdywv9nk5""]","[""bc1qp63vacy36erkw3mmh0y6w6477qrr9a82lu5dfa""]",[3.425421],[3.425301],0.00012,P2SH
tx-rec-000148,2026-03-01T09:58:01+00:00,tx_norm_000148,"[""bc1qwm0j85fm8fp3z3jjzkehnz90tdrnsrc2ku6sgq""]","[""bc1qq5n6x9n9dw6eaq8nq0h58p0quzf53er4cw5ss5""]",[2.639037],[2.638917],0.00012,P2WPKH
tx-rec-000149,2026-03-01T09:58:39+00:00,tx_norm_000149,"[""bc1q75qxvc0lxsvvydye4a56ytyn6yqxt8l6aq5ryy""]","[""bc1qu857msn6shssgxlnmvn53ga92jag2u3vvmjgkt"", ""bc1qz5dkcg984aem8v6clcshjha0yjy7d2hwnhkvfw""]",[3.218294],"[1.820263, 1.397911]",0.00012,P2SH
tx-rec-000150,2026-03-01T09:58:54+00:00,tx_norm_000150,"[""bc1qq5n6x9n9dw6eaq8nq0h58p0quzf53er4cw5ss5""]","[""bc1qv3h8z28ne8gtgvg4hn4fk03mmaj7pyd28gkmhp"", ""bc1qtcf5eshvaqtxkyk587nxv3r79pmv7srkhvcy0x""]",[3.54511],"[3.194074, 0.350916]",0.00012,P2TR
tx-rec-000151,2026-03-01T09:59:03+00:00,tx_norm_000151,"[""bc1qn098rpw3f07j07nk8lt0tqc5yc34vmtrkzekum""]","[""bc1q84rhek99gzaxh4vgwg3pvcd3kwvqxntj475t0k"", ""bc1qcpe6g5m0el0n5g2e7csesu930kzdnsnsy7055p""]",[3.555076],"[2.702132, 0.852824]",0.00012,P2WPKH
tx-rec-000152,2026-03-01T09:59:14+00:00,tx_norm_000152,"[""bc1qmzn0uapy544k9mq7n9hwv3f90sn9rkf03wwkul""]","[""bc1qpm706a3vaehp3k6wdg9g892sp3dkzlkuufkvhw"", ""bc1qkqaudpzltrq0hytslrl6nmu5p2y40c5qfsxvr2""]",[2.79813],"[1.807129, 0.990881]",0.00012,P2SH
tx-rec-000153,2026-03-01T09:59:41+00:00,tx_norm_000153,"[""bc1qpm706a3vaehp3k6wdg9g892sp3dkzlkuufkvhw""]","[""bc1qvlq28a3849ndd79xnm6r6eznkpus82c97ywcne"", ""bc1qkqq6y035xf3832ezmjqmyung7pta2mj862806z""]",[4.948932],"[3.572697, 1.376115]",0.00012,P2TR
tx-rec-000154,2026-03-01T10:00:23+00:00,tx_norm_000154,"[""bc1qq4s8cuyajq265qr4m7xegtq4fxulsgpy5hj2xu""]","[""bc1q3pamfqd2vdz9zy3ndtpy5mt23sdelmpydsljen""]",[1.417292],[1.417172],0.00012,P2WPKH
tx-rec-000155,2026-03-01T10:01:03+00:00,tx_norm_000155,"[""bc1q4hmjzzx5vldpsys03922tjnjfq3km9aj7tkenu""]","[""bc1qfn77ursvuj6aj5vw07uu8gxq9ujn40dm6vld6w"", ""bc1qulyzp92shnx6lnh3dcpvcqayukgcczejzpkf7d""]",[2.784555],"[2.540268, 0.244167]",0.00012,P2SH
tx-rec-000156,2026-03-01T10:01:25+00:00,tx_norm_000156,"[""bc1qn5hzcqnvvvecqsv23nxzrf4nvgqw2tad5jlt63""]","[""bc1qyqemyaetupurpjnfdd67yh853v4suw2cs5e6us"", ""bc1qz5j0ngrn5fpv34sleyc593kmmsqvpajjra2wyh""]",[3.094636],"[2.172272, 0.922244]",0.00012,P2TR
tx-rec-000157,2026-03-01T10:01:51+00:00,tx_norm_000157,"[""bc1q45u3lfy89ctqrc937sl56gfky7a946puq2uc38""]","[""bc1q9enf0pknmslq3x4ta3sgephk5etky5pxtrdykk""]",[3.286444],[3.286324],0.00012,P2TR
tx-rec-000158,2026-03-01T10:02:09+00:00,tx_norm_000158,"[""bc1qjuaalzh5kdkkgc7ql8s2rqtepuzh2jlvvgjgrf""]","[""bc1qn098rpw3f07j07nk8lt0tqc5yc34vmtrkzekum""]",[3.017158],[3.017038],0.00012,P2PKH
tx-rec-000159,2026-03-01T10:03:05+00:00,tx_norm_000159,"[""bc1qezy2mxy8lx5r8z6w3qnwg983940erzwhek4hvn""]","[""bc1q0gma8qqgpxtnpxfknxu36arla4qqyjh32fc93y""]",[0.556237],[0.556117],0.00012,P2PKH
tx-rec-000160,2026-03-01T10:03:30+00:00,tx_norm_000160,"[""bc1q07cvy9nezky4z6y94frcmjel9q0xkrrpd3pccv""]","[""bc1qee9f8sxtpartfv6anm9m702k649qr85hcatzgt"", ""bc1qu02l6n2l296yml0rpa3gzv6umtu6p9rcgl8e47""]",[4.449728],"[3.734043, 0.715565]",0.00012,P2TR
tx-rec-000161,2026-03-01T10:03:55+00:00,tx_norm_000161,"[""bc1qnt3sga272xjzk9s7dsvc4dwrwezhhxjtr3mukc""]","[""bc1qldqn65772d9kcqa9vzp4ytxzv5v8qusphl9fgn"", ""bc1qx2fssznfzevxeppknd6kjr800apkku8d9xr4tf""]",[3.555582],"[2.927229, 0.628233]",0.00012,P2TR
tx-rec-000162,2026-03-01T10:04:45+00:00,tx_norm_000162,"[""bc1q8eue4llkpkygqgaqutfhn8pqt3zhejxqktdwkn""]","[""bc1qkqaudpzltrq0hytslrl6nmu5p2y40c5qfsxvr2""]",[1.203844],[1.203724],0.00012,P2PKH
tx-rec-000163,2026-03-01T10:05:28+00:00,tx_norm_000163,"[""bc1qkqq6y035xf3832ezmjqmyung7pta2mj862806z""]","[""bc1q0v5596p00t8c62rjrhsj4jy2tvjgy2hephx33m""]",[3.67848],[3.67836],0.00012,P2WPKH
tx-rec-000164,2026-03-01T10:06:18+00:00,tx_norm_000164,"[""bc1q0gma8qqgpxtnpxfknxu36arla4qqyjh32fc93y""]","[""bc1qsdeljr33auxdy9m7xl9f43aytywulqylssyggl""]",[1.68632],[1.6862],0.00012,P2WPKH
tx-rec-000165,2026-03-01T10:07:06+00:00,tx_norm_000165,"[""bc1qqfry9tkhfr9vu3w8gme0v67tcwq90y3rhsqnht""]","[""bc1q7lamglhs7ws80f8duwy0pvr4j8h2zq3xwjqdz3""]",[3.464705],[3.464585],0.00012,P2SH
tx-rec-000166,2026-03-01T10:07:12+00:00,tx_norm_000166,"[""bc1qmsk2hmhzwvhzx98l2thkjep6zqgq07lcm9k8hm""]","[""bc1q57cpjc6xcdsrnqm78k8zaa7qcdxt94pezuytaa""]",[3.294027],[3.293907],0.00012,P2WPKH
tx-rec-000167,2026-03-01T10:08:03+00:00,tx_norm_000167,"[""bc1qy4zh8m7xksekd9jh4zhuxdfl859xlf5ceuhnp9""]","[""bc1q0v5596p00t8c62rjrhsj4jy2tvjgy2hephx33m""]",[2.377386],[2.377266],0.00012,P2SH
tx-rec-000168,2026-03-01T10:08:32+00:00,tx_norm_000168,"[""bc1qqdg9h7kxq5ml8pjn2fq4s0kxfxwh7ycnx3lkrx""]","[""bc1qn5hzcqnvvvecqsv23nxzrf4nvgqw2tad5jlt63""]",[3.593245],[3.593125],0.00012,P2SH
tx-rec-000169,2026-03-01T10:09:05+00:00,tx_norm_000169,"[""bc1q57cpjc6xcdsrnqm78k8zaa7qcdxt94pezuytaa""]","[""bc1qz5j0ngrn5fpv34sleyc593kmmsqvpajjra2wyh""]",[0.754467],[0.754347],0.00012,P2WPKH
tx-rec-000170,2026-03-01T10:09:16+00:00,tx_norm_000170,"[""bc1qcuy2s3h7uuu4s8sgr2gsjzhpacn2xj9n7wv74n""]","[""bc1qqdg9h7kxq5ml8pjn2fq4s0kxfxwh7ycnx3lkrx""]",[3.526398],[3.526278],0.00012,P2PKH
tx-rec-000171,2026-03-01T10:09:59+00:00,tx_norm_000171,"[""bc1qyqemyaetupurpjnfdd67yh853v4suw2cs5e6us""]","[""bc1qgj48cl883n8wv38p75xlhtt74ffgrpz4ecv87g""]",[2.493674],[2.493554],0.00012,P2TR
tx-rec-000172,2026-03-01T10:10:06+00:00,tx_norm_000172,"[""bc1qapp9m5u4r444779j7qa2h7xc0pxup53jr498za""]","[""bc1q6ed0puz5x4f29cqpsllzpcjq4p8dpeukz2n6vv""]",[0.978051],[0.977931],0.00012,P2PKH
tx-rec-000173,2026-03-01T10:11:06+00:00,tx_norm_000173,"[""bc1q6ed0puz5x4f29cqpsllzpcjq4p8dpeukz2n6vv""]","[""bc1qh4lupjq9dm3x7hw3t2kyfdqu923ayy4rk7j8n6""]",[1.815382],[1.815262],0.00012,P2TR
tx-rec-000174,2026-03-01T10:11:42+00:00,tx_norm_000174,"[""bc1qn5hzcqnvvvecqsv23nxzrf4nvgqw2tad5jlt63""]","[""bc1q3spdn2zpesyf09jjllgesljd04fy4y5ag7hhgq""]",[2.888624],[2.888504],0.00012,P2PKH
tx-rec-000175,2026-03-01T10:11:49+00:00,tx_norm_000175,"[""bc1qqdg9h7kxq5ml8pjn2fq4s0kxfxwh7ycnx3lkrx""]","[""bc1qxvanm5sksj0c0xwua2wy3h3ss5hk9vf7kr7azn""]",[2.361799],[2.361679],0.00012,P2SH
tx-rec-000176,2026-03-01T10:12:49+00:00,tx_norm_000176,"[""bc1qsdeljr33auxdy9m7xl9f43aytywulqylssyggl""]","[""bc1q38qalhjfrcq99474ks67hrzja47860k9zkq5vh""]",[0.323581],[0.323461],0.00012,P2PKH
tx-rec-000177,2026-03-01T10:12:57+00:00,tx_norm_000177,"[""bc1qptx4457ju9edelz8pvnvs3ek206hftlv4j27vw""]","[""bc1qlsyxl4akdfehm295mq2wc8rxw0ua9hq4v5zgu9""]",[2.737342],[2.737222],0.00012,P2WPKH
tx-rec-000178,2026-03-01T10:13:56+00:00,tx_norm_000178,"[""bc1qatmdnmprpunwnaglr3ar65kzjxu9uhtrc4y5yv""]","[""bc1qrqae6lyvnp9f0ss0xnm09taynfed9gpue4jpud"", ""bc1q043nzp8cyj0u83pu3xhdw9ypxh7rv778m54xpp""]",[3.406752],"[2.365845, 1.040787]",0.00012,P2WPKH
tx-rec-000179,2026-03-01T10:14:46+00:00,tx_norm_000179,"[""bc1qjuaalzh5kdkkgc7ql8s2rqtepuzh2jlvvgjgrf""]","[""bc1qcuy2s3h7uuu4s8sgr2gsjzhpacn2xj9n7wv74n""]",[3.797329],[3.797209],0.00012,P2WPKH
tx-rec-000180,2026-03-01T10:15:24+00:00,tx_norm_000180,"[""bc1qvlq28a3849ndd79xnm6r6eznkpus82c97ywcne""]","[""bc1quw6459ts6pc3dratc9avhvly3wjvea2v57flxg""]",[1.555321],[1.555201],0.00012,P2PKH
tx-rec-000181,2026-03-01T10:15:33+00:00,tx_norm_000181,"[""bc1qatmdnmprpunwnaglr3ar65kzjxu9uhtrc4y5yv""]","[""bc1q7qtl40nqcd5n9vfd9psfthdk9adqrvprgq67ec"", ""bc1qt6gfp8gargkathudyzgaejyut59nvk4vvas9w5""]",[3.149848],"[2.932172, 0.217556]",0.00012,P2TR
tx-rec-000182,2026-03-01T10:15:40+00:00,tx_norm_000182,"[""bc1qt6gfp8gargkathudyzgaejyut59nvk4vvas9w5""]","[""bc1qezy2mxy8lx5r8z6w3qnwg983940erzwhek4hvn""]",[0.769058],[0.768938],0.00012,P2SH
tx-rec-000183,2026-03-01T10:16:25+00:00,tx_norm_000183,"[""bc1qqc4dhlpfruavtj05p7s6a9uqas2u4vrvrk8tta""]","[""bc1qsdeljr33auxdy9m7xl9f43aytywulqylssyggl"", ""bc1qt6gfp8gargkathudyzgaejyut59nvk4vvas9w5""]",[4.111474],"[3.226571, 0.884783]",0.00012,P2PKH
tx-rec-000184,2026-03-01T10:16:51+00:00,tx_norm_000184,"[""bc1ql6e5ah3ffh398nm74aycmtccuvz5cy7cyyaqhl""]","[""bc1q45u3lfy89ctqrc937sl56gfky7a946puq2uc38"", ""bc1q8eue4llkpkygqgaqutfhn8pqt3zhejxqktdwkn""]",[3.443373],"[3.219826, 0.223427]",0.00012,P2PKH
tx-rec-000185,2026-03-01T10:17:07+00:00,tx_norm_000185,"[""bc1qq4s8cuyajq265qr4m7xegtq4fxulsgpy5hj2xu""]","[""bc1qv3fn7qh8n0ss4f6yj28vgtpzmywmrjukwrh98n""]",[0.718978],[0.718858],0.00012,P2PKH
tx-rec-000186,2026-03-01T10:18:01+00:00,tx_norm_000186,"[""bc1qjuaalzh5kdkkgc7ql8s2rqtepuzh2jlvvgjgrf""]","[""bc1qalldcf088rfu5rwgdak6muv5k9w330j0lelxkk""]",[0.045257],[0.045137],0.00012,P2TR
tx-rec-000187,2026-03-01T10:18:11+00:00,tx_norm_000187,"[""bc1qdkx904vy7ln6sdphrwean56tcnlv368ca9n9gv""]","[""bc1qv3h8z28ne8gtgvg4hn4fk03mmaj7pyd28gkmhp""]",[3.631868],[3.631748],0.00012,P2SH
tx-rec-000188,2026-03-01T10:19:03+00:00,tx_norm_000188,"[""bc1qpxeyzck09msvuxqnskmsya6p66jefk5l9cq55c""]","[""bc1qhjx6lr5emwjezxs9yzg5fqraqvqxn7madpznyj"", ""bc1qg462atcr4s2vp6dgmw3u6ey9evtnt4q2y6fltp""]",[1.017392],"[0.515365, 0.501907]",0.00012,P2WPKH
tx-rec-000189,2026-03-01T10:19:16+00:00,tx_norm_000189,"[""bc1q7lamglhs7ws80f8duwy0pvr4j8h2zq3xwjqdz3""]","[""bc1q84rhek99gzaxh4vgwg3pvcd3kwvqxntj475t0k""]",[1.596884],[1.596764],0.00012,P2WPKH
tx-rec-000190,2026-03-01T10:19:33+00:00,tx_norm_000190,"[""bc1qn5hzcqnvvvecqsv23nxzrf4nvgqw2tad5jlt63""]","[""bc1qnt3sga272xjzk9s7dsvc4dwrwezhhxjtr3mukc""]",[1.002336],[1.002216],0.00012,P2PKH
tx-rec-000191,2026-03-01T10:20:09+00:00,tx_norm_000191,"[""bc1qkqaudpzltrq0hytslrl6nmu5p2y40c5qfsxvr2""]","[""bc1q0p6769w2m8afk2957wjnttztdkhxje6c8ws2zj""]",[1.403213],[1.403093],0.00012,P2TR
tx-rec-000192,2026-03-01T10:21:07+00:00,tx_norm_000192,"[""bc1qpm706a3vaehp3k6wdg9g892sp3dkzlkuufkvhw""]","[""bc1qarmcwzcwd7yxe8r5rl6dn2w9k2zpn0qfekh5qn"", ""bc1qsdeljr33auxdy9m7xl9f43aytywulqylssyggl""]",[4.122436],"[3.203004, 0.919312]",0.00012,P2SH
tx-rec-000193,2026-03-01T10:21:46+00:00,tx_norm_000193,"[""bc1q7lamglhs7ws80f8duwy0pvr4j8h2zq3xwjqdz3""]","[""bc1qr5f4hfy2dgyv4pkzde74vgpnm0t85l3s77vc5w""]",[3.82611],[3.82599],0.00012,P2WPKH
tx-rec-000194,2026-03-01T10:22:04+00:00,tx_norm_000194,"[""bc1qz5dkcg984aem8v6clcshjha0yjy7d2hwnhkvfw""]","[""bc1qg462atcr4s2vp6dgmw3u6ey9evtnt4q2y6fltp""]",[3.728966],[3.728846],0.00012,P2WPKH
tx-rec-000195,2026-03-01T10:22:14+00:00,tx_norm_000195,"[""bc1qldqn65772d9kcqa9vzp4ytxzv5v8qusphl9fgn""]","[""bc1q9enf0pknmslq3x4ta3sgephk5etky5pxtrdykk"", ""bc1qwgtnch524wcqj68ggj6dafcmtn34parpxvcl5d""]",[0.959373],"[0.815226, 0.144027]",0.00012,P2PKH
tx-rec-000196,2026-03-01T10:22:52+00:00,tx_norm_000196,"[""bc1qrqae6lyvnp9f0ss0xnm09taynfed9gpue4jpud""]","[""bc1qpm706a3vaehp3k6wdg9g892sp3dkzlkuufkvhw"", ""bc1q0p6769w2m8afk2957wjnttztdkhxje6c8ws2zj""]",[1.274113],"[0.721806, 0.552187]",0.00012,P2TR
tx-rec-000197,2026-03-01T10:23:39+00:00,tx_norm_000197,"[""bc1q0p6769w2m8afk2957wjnttztdkhxje6c8ws2zj""]","[""bc1qcuy2s3h7uuu4s8sgr2gsjzhpacn2xj9n7wv74n""]",[0.135272],[0.135152],0.00012,P2WPKH
tx-rec-000198,2026-03-01T10:24:39+00:00,tx_norm_000198,"[""bc1qee9f8sxtpartfv6anm9m702k649qr85hcatzgt""]","[""bc1qvlq28a3849ndd79xnm6r6eznkpus82c97ywcne""]",[0.615516],[0.615396],0.00012,P2WPKH
tx-rec-000199,2026-03-01T10:25:25+00:00,tx_norm_000199,"[""bc1qee9f8sxtpartfv6anm9m702k649qr85hcatzgt""]","[""bc1qsjn93a9ck58qq3fkf7fwlqvse0dsvyfrkm88f0""]",[0.724564],[0.724444],0.00012,P2SH
tx-rec-000200,2026-03-01T10:25:59+00:00,tx_norm_000200,"[""bc1q4hmjzzx5vldpsys03922tjnjfq3km9aj7tkenu""]","[""bc1qvm8x5g990twp6gdlnf9v7eh8llzazp9lpr2mhw""]",[2.896734],[2.896614],0.00012,P2TR
tx-rec-000201,2026-03-01T10:26:41+00:00,tx_norm_000201,"[""bc1q45u3lfy89ctqrc937sl56gfky7a946puq2uc38""]","[""bc1qapp9m5u4r444779j7qa2h7xc0pxup53jr498za""]",[1.677574],[1.677454],0.00012,P2SH
tx-rec-000202,2026-03-01T10:27:02+00:00,tx_norm_000202,"[""bc1qv3h8z28ne8gtgvg4hn4fk03mmaj7pyd28gkmhp""]","[""bc1qqdg9h7kxq5ml8pjn2fq4s0kxfxwh7ycnx3lkrx""]",[2.315742],[2.315622],0.00012,P2TR
tx-rec-000203,2026-03-01T10:27:26+00:00,tx_norm_000203,"[""bc1qf98xgvk2zuzxv6h7e2ez9tgfyzkq5aylkr2ljv""]","[""bc1qh4lupjq9dm3x7hw3t2kyfdqu923ayy4rk7j8n6""]",[3.378849],[3.378729],0.00012,P2PKH
tx-rec-000204,2026-03-01T10:27:57+00:00,tx_norm_000204,"[""bc1qy4zh8m7xksekd9jh4zhuxdfl859xlf5ceuhnp9""]","[""bc1q40mkyarwdfnj68u76tvvxzgka34rhc5n4mwcgm""]",[1.040813],[1.040693],0.00012,P2PKH
tx-rec-000205,2026-03-01T10:28:12+00:00,tx_norm_000205,"[""bc1qldqn65772d9kcqa9vzp4ytxzv5v8qusphl9fgn""]","[""bc1qjuaalzh5kdkkgc7ql8s2rqtepuzh2jlvvgjgrf""]",[3.55157],[3.55145],0.00012,P2SH
tx-rec-000206,2026-03-01T10:28:53+00:00,tx_norm_000206,"[""bc1qpxeyzck09msvuxqnskmsya6p66jefk5l9cq55c""]","[""bc1qvlhg62yhue3n25laz4smt8jggvzammry77p663""]",[0.50455],[0.50443],0.00012,P2PKH
tx-rec-000207,2026-03-01T10:29:03+00:00,tx_norm_000207,"[""bc1q3pamfqd2vdz9zy3ndtpy5mt23sdelmpydsljen""]","[""bc1qzhsd8sragjejpvtm6jg6ypyrhd8h3d27xdhg2z""]",[2.94971],[2.94959],0.00012,P2TR
tx-rec-000208,2026-03-01T10:29:33+00:00,tx_norm_000208,"[""bc1qjuaalzh5kdkkgc7ql8s2rqtepuzh2jlvvgjgrf""]","[""bc1ql6e5ah3ffh398nm74aycmtccuvz5cy7cyyaqhl"", ""bc1qee9f8sxtpartfv6anm9m702k649qr85hcatzgt""]",[0.349258],"[0.008242, 0.340896]",0.00012,P2WPKH
tx-rec-000209,2026-03-01T10:29:43+00:00,tx_norm_000209,"[""bc1qvm8x5g990twp6gdlnf9v7eh8llzazp9lpr2mhw""]","[""bc1qqjut3v20xvllqf40ctmux3v8ljeacc6j4jwdru""]",[3.303216],[3.303096],0.00012,P2SH
tx-rec-000210,2026-03-01T10:29:57+00:00,tx_norm_000210,"[""bc1qcqshn6n09s6shs3mneye27d0cu7pn8qd5el6ua""]","[""bc1qd94lr8j2v8he5xvkxrfcfr93djw6tzy3gavck0""]",[3.256715],[3.256595],0.00012,P2TR
tx-rec-000211,2026-03-01T10:30:12+00:00,tx_norm_000211,"[""bc1qrsdel7k3js9zp4zetcys7jj25chgmjcm6zracu""]","[""bc1qsjn93a9ck58qq3fkf7fwlqvse0dsvyfrkm88f0""]",[1.815349],[1.815229],0.00012,P2SH
tx-rec-000212,2026-03-01T10:30:47+00:00,tx_norm_000212,"[""bc1qnma43znv9qwa5swttmpprnz9fe2ql7r8ktxpjv""]","[""bc1qx6w6xzehxyxw0l4zazkhyvg746g96rtls6vwuj""]",[3.201649],[3.201529],0.00012,P2PKH
tx-rec-000213,2026-03-01T10:31:16+00:00,tx_norm_000213,"[""bc1q38qalhjfrcq99474ks67hrzja47860k9zkq5vh""]","[""bc1qdtkm3azrjsu3zngpdwsn6yfx2456cqdywv9nk5"", ""bc1q40mkyarwdfnj68u76tvvxzgka34rhc5n4mwcgm""]",[3.496982],"[2.938905, 0.557957]",0.00012,P2WPKH
tx-rec-000214,2026-03-01T10:32:13+00:00,tx_norm_000214,"[""bc1quw6459ts6pc3dratc9avhvly3wjvea2v57flxg""]","[""bc1qhjx6lr5emwjezxs9yzg5fqraqvqxn7madpznyj""]",[3.360589],[3.360469],0.00012,P2PKH
tx-rec-000215,2026-03-01T10:32:40+00:00,tx_norm_000215,"[""bc1qcat4vnp6z866ky8e6nf0m7leq7st34v6cg9vjn""]","[""bc1quw6459ts6pc3dratc9avhvly3wjvea2v57flxg""]",[2.85207],[2.85195],0.00012,P2SH
tx-rec-000216,2026-03-01T10:33:23+00:00,tx_norm_000216,"[""bc1qn5hzcqnvvvecqsv23nxzrf4nvgqw2tad5jlt63""]","[""bc1q9enf0pknmslq3x4ta3sgephk5etky5pxtrdykk""]",[0.909301],[0.909181],0.00012,P2PKH
tx-rec-000217,2026-03-01T10:34:07+00:00,tx_norm_000217,"[""bc1qszz4p9ux2z8vtduv6ltqx0qyll7zwhah388j0x""]","[""bc1q2xmphldtc863jfk387cd7sjzuz0pgwmmypcxye"", ""bc1qdpsvrymdl7p84vdsltvzumn0xu96qac0vle5n0""]",[1.829437],"[1.536005, 0.293312]",0.00012,P2SH
tx-rec-000218,2026-03-01T10:34:14+00:00,tx_norm_000218,"[""bc1q0v5596p00t8c62rjrhsj4jy2tvjgy2hephx33m""]","[""bc1q3pamfqd2vdz9zy3ndtpy5mt23sdelmpydsljen""]",[1.679235],[1.679115],0.00012,P2SH
tx-rec-000219,2026-03-01T10:34:46+00:00,tx_norm_000219,"[""bc1qulyzp92shnx6lnh3dcpvcqayukgcczejzpkf7d""]","[""bc1qwm0j85fm8fp3z3jjzkehnz90tdrnsrc2ku6sgq""]",[1.201269],[1.201149],0.00012,P2TR
tx-rec-000220,2026-03-01T10:34:53+00:00,tx_norm_000220,"[""bc1qwgtnch524wcqj68ggj6dafcmtn34parpxvcl5d""]","[""bc1qy4zh8m7xksekd9jh4zhuxdfl859xlf5ceuhnp9""]",[0.695367],[0.695247],0.00012,P2PKH
tx-rec-000221,2026-03-01T10:35:27+00:00,tx_norm_000221,"[""bc1qcqjuu9k6ndnujexjdvhhmj563n76dq48trhh76""]","[""bc1qraafea5fypwmak0aflngg7hwt63jncusp8708h""]",[1.336593],[1.336473],0.00012,P2TR
tx-rec-000222,2026-03-01T10:36:23+00:00,tx_norm_000222,"[""bc1qcqjuu9k6ndnujexjdvhhmj563n76dq48trhh76""]","[""bc1qvlq28a3849ndd79xnm6r6eznkpus82c97ywcne"", ""bc1qldqn65772d9kcqa9vzp4ytxzv5v8qusphl9fgn""]",[1.261304],"[0.623598, 0.637586]",0.00012,P2TR
tx-rec-000223,2026-03-01T10:36:28+00:00,tx_norm_000223,"[""bc1qcat4vnp6z866ky8e6nf0m7leq7st34v6cg9vjn""]","[""bc1qrqae6lyvnp9f0ss0xnm09taynfed9gpue4jpud""]",[3.696016],[3.695896],0.00012,P2PKH
tx-rec-000224,2026-03-01T10:36:52+00:00,tx_norm_000224,"[""bc1qy4zh8m7xksekd9jh4zhuxdfl859xlf5ceuhnp9""]","[""bc1qwgtnch524wcqj68ggj6dafcmtn34parpxvcl5d"", ""bc1qvjf54hm2tj4h5muwsnjd2j8ttelrsq45h8vawf""]",[4.081746],"[2.85824, 1.223386]",0.00012,P2TR
tx-rec-000225,2026-03-01T10:37:29+00:00,tx_norm_000225,"[""bc1qqdg9h7kxq5ml8pjn2fq4s0kxfxwh7ycnx3lkrx""]","[""bc1q40mkyarwdfnj68u76tvvxzgka34rhc5n4mwcgm""]",[1.825909],[1.825789],0.00012,P2WPKH
tx-rec-000226,2026-03-01T10:37:41+00:00,tx_norm_000226,"[""bc1q40mkyarwdfnj68u76tvvxzgka34rhc5n4mwcgm""]","[""bc1qn5hzcqnvvvecqsv23nxzrf4nvgqw2tad5jlt63""]",[3.776044],[3.775924],0.00012,P2TR
tx-rec-000227,2026-03-01T10:38:41+00:00,tx_norm_000227,"[""bc1quw6459ts6pc3dratc9avhvly3wjvea2v57flxg""]","[""bc1qraafea5fypwmak0aflngg7hwt63jncusp8708h""]",[0.583359],[0.583239],0.00012,P2WPKH
tx-rec-000228,2026-03-01T10:38:58+00:00,tx_norm_000228,"[""bc1qldqn65772d9kcqa9vzp4ytxzv5v8qusphl9fgn""]","[""bc1qvjf54hm2tj4h5muwsnjd2j8ttelrsq45h8vawf""]",[2.36795],[2.36783],0.00012,P2TR
tx-rec-000229,2026-03-01T10:39:06+00:00,tx_norm_000229,"[""bc1ql6e5ah3ffh398nm74aycmtccuvz5cy7cyyaqhl""]","[""bc1qfy8gd02j8zd0xunt5auq5qg039ukrj4aa2ftg4""]",[0.158322],[0.158202],0.00012,P2TR
tx-rec-000230,2026-03-01T10:39:34+00:00,tx_norm_000230,"[""bc1q6y36mp84w8mmfljx7q8epacs3gzz379xwwd6uq""]","[""bc1qgzq6mnnljnadktgd9a0uvdh0xyh0fa80dfke6r""]",[2.309537],[2.309417],0.00012,P2TR
tx-rec-000231,2026-03-01T10:40:00+00:00,tx_norm_000231,"[""bc1quw6459ts6pc3dratc9avhvly3wjvea2v57flxg""]","[""bc1qwm0j85fm8fp3z3jjzkehnz90tdrnsrc2ku6sgq"", ""bc1qyqemyaetupurpjnfdd67yh853v4suw2cs5e6us""]",[3.303815],"[2.953476, 0.350219]",0.00012,P2WPKH
tx-rec-000232,2026-03-01T10:40:31+00:00,tx_norm_000232,"[""bc1qxg98k9lwe8zj324ntf3ezjzv0rpk9n4fgyw9j6""]","[""bc1qhdyfpp3mtq35qnrc40ad956gkf0d3mceae3wwz""]",[1.253332],[1.253212],0.00012,P2PKH
tx-rec-000233,2026-03-01T10:40:58+00:00,tx_norm_000233,"[""bc1qq4s8cuyajq265qr4m7xegtq4fxulsgpy5hj2xu""]","[""bc1qgj48cl883n8wv38p75xlhtt74ffgrpz4ecv87g""]",[2.047848],[2.047728],0.00012,P2SH
tx-rec-000234,2026-03-01T10:41:08+00:00,tx_norm_000234,"[""bc1qz5j0ngrn5fpv34sleyc593kmmsqvpajjra2wyh""]","[""bc1qsjn93a9ck58qq3fkf7fwlqvse0dsvyfrkm88f0"", ""bc1qpfuh30sa9k6grsk44sudu2rkz4usazgdugzs8t""]",[1.193341],"[0.48968, 0.703541]",0.00012,P2WPKH
tx-rec-000235,2026-03-01T10:41:35+00:00,tx_norm_000235,"[""bc1qhdyfpp3mtq35qnrc40ad956gkf0d3mceae3wwz""]","[""bc1qapp9m5u4r444779j7qa2h7xc0pxup53jr498za""]",[2.378412],[2.378292],0.00012,P2TR
tx-rec-000236,2026-03-01T10:41:42+00:00,tx_norm_000236,"[""bc1q07cvy9nezky4z6y94frcmjel9q0xkrrpd3pccv""]","[""bc1qakj6y5prmulu02nlnsfnhnayhtpa32gh7mcqrv"", ""bc1qhjx6lr5emwjezxs9yzg5fqraqvqxn7madpznyj""]",[2.431458],"[1.438398, 0.99294]",0.00012,P2PKH
tx-rec-000237,2026-03-01T10:42:11+00:00,tx_norm_000237,"[""bc1qldqn65772d9kcqa9vzp4ytxzv5v8qusphl9fgn""]","[""bc1qq4s8cuyajq265qr4m7xegtq4fxulsgpy5hj2xu""]",[0.307971],[0.307851],0.00012,P2WPKH
tx-rec-000238,2026-03-01T10:42:43+00:00,tx_norm_000238,"[""bc1qx2fssznfzevxeppknd6kjr800apkku8d9xr4tf""]","[""bc1qxg98k9lwe8zj324ntf3ezjzv0rpk9n4fgyw9j6""]",[0.712332],[0.712212],0.00012,P2PKH
tx-rec-000239,2026-03-01T10:43:41+00:00,tx_norm_000239,"[""bc1qcuy2s3h7uuu4s8sgr2gsjzhpacn2xj9n7wv74n""]","[""bc1quynh6t6rhxkn22vypsfu8q0jdmpmhh0k0j9z0u""]",[3.71616],[3.71604],0.00012,P2WPKH
tx-rec-000240,2026-03-01T10:44:05+00:00,tx_norm_000240,"[""bc1qezy2mxy8lx5r8z6w3qnwg983940erzwhek4hvn""]","[""bc1qldqn65772d9kcqa9vzp4ytxzv5v8qusphl9fgn""]",[2.078181],[2.078061],0.00012,P2PKH
tx-rec-000241,2026-03-01T10:44:33+00:00,tx_norm_000241,"[""bc1q45u3lfy89ctqrc937sl56gfky7a946puq2uc38""]","[""bc1q8eue4llkpkygqgaqutfhn8pqt3zhejxqktdwkn""]",[0.8326],[0.83248],0.00012,P2WPKH
tx-rec-000242,2026-03-01T10:45:25+00:00,tx_norm_000242,"[""bc1qarmcwzcwd7yxe8r5rl6dn2w9k2zpn0qfekh5qn""]","[""bc1q40mkyarwdfnj68u76tvvxzgka34rhc5n4mwcgm""]",[0.719188],[0.719068],0.00012,P2PKH
tx-rec-000243,2026-03-01T10:46:08+00:00,tx_norm_000243,"[""bc1qx2fssznfzevxeppknd6kjr800apkku8d9xr4tf""]","[""bc1qc694t02thmd363mxzn2nqt58ztstg7qd5whgaq"", ""bc1qn098rpw3f07j07nk8lt0tqc5yc34vmtrkzekum""]",[1.372122],"[0.701946, 0.670056]",0.00012,P2PKH
tx-rec-000244,2026-03-01T10:47:03+00:00,tx_norm_000244,"[""bc1qtcf5eshvaqtxkyk587nxv3r79pmv7srkhvcy0x""]","[""bc1qnma43znv9qwa5swttmpprnz9fe2ql7r8ktxpjv"", ""bc1q75qxvc0lxsvvydye4a56ytyn6yqxt8l6aq5ryy""]",[1.710436],"[0.503954, 1.206362]",0.00012,P2WPKH
tx-rec-000245,2026-03-01T10:47:14+00:00,tx_norm_000245,"[""bc1q39nkczjgm4qvnsr7g8cgf4fpd5x3u34rtklkc4""]","[""bc1qdpsvrymdl7p84vdsltvzumn0xu96qac0vle5n0""]",[0.07461],[0.07449],0.00012,P2PKH
tx-rec-000246,2026-03-01T10:47:58+00:00,tx_norm_000246,"[""bc1qfy8gd02j8zd0xunt5auq5qg039ukrj4aa2ftg4""]","[""bc1qhjx6lr5emwjezxs9yzg5fqraqvqxn7madpznyj""]",[2.742889],[2.742769],0.00012,P2TR
tx-rec-000247,2026-03-01T10:48:43+00:00,tx_norm_000247,"[""bc1qszz4p9ux2z8vtduv6ltqx0qyll7zwhah388j0x""]","[""bc1qakj6y5prmulu02nlnsfnhnayhtpa32gh7mcqrv""]",[2.087026],[2.086906],0.00012,P2PKH
tx-rec-000248,2026-03-01T10:49:09+00:00,tx_norm_000248,"[""bc1qz5dkcg984aem8v6clcshjha0yjy7d2hwnhkvfw""]","[""bc1q84rhek99gzaxh4vgwg3pvcd3kwvqxntj475t0k""]",[1.336898],[1.336778],0.00012,P2TR
tx-rec-000249,2026-03-01T10:50:08+00:00,tx_norm_000249,"[""bc1qqc4dhlpfruavtj05p7s6a9uqas2u4vrvrk8tta""]","[""bc1qmmldvmuqam354a6qjf5e6nqnzkh5cg2d05uyjh""]",[0.815021],[0.814901],0.00012,P2TR
tx-rec-000250,2026-03-01T10:50:29+00:00,tx_norm_000250,"[""bc1qx2fssznfzevxeppknd6kjr800apkku8d9xr4tf""]","[""bc1qgj48cl883n8wv38p75xlhtt74ffgrpz4ecv87g""]",[2.545506],[2.545386],0.00012,P2PKH
tx-rec-000251,2026-03-01T10:51:14+00:00,tx_norm_000251,"[""bc1qcat4vnp6z866ky8e6nf0m7leq7st34v6cg9vjn""]","[""bc1q7lamglhs7ws80f8duwy0pvr4j8h2zq3xwjqdz3"", ""bc1q2xmphldtc863jfk387cd7sjzuz0pgwmmypcxye""]",[5.271058],"[3.792122, 1.478816]",0.00012,P2WPKH
tx-rec-000252,2026-03-01T10:51:38+00:00,tx_norm_000252,"[""bc1qwm0j85fm8fp3z3jjzkehnz90tdrnsrc2ku6sgq""]","[""bc1q2xmphldtc863jfk387cd7sjzuz0pgwmmypcxye""]",[1.217595],[1.217475],0.00012,P2PKH
tx-rec-000253,2026-03-01T10:51:52+00:00,tx_norm_000253,"[""bc1qp63vacy36erkw3mmh0y6w6477qrr9a82lu5dfa""]","[""bc1qdjp9z0egr8gt50uz5udnnl9u03wg5wuc2g6lue""]",[0.646213],[0.646093],0.00012,P2TR
tx-rec-000254,2026-03-01T10:52:23+00:00,tx_norm_000254,"[""bc1q2xmphldtc863jfk387cd7sjzuz0pgwmmypcxye""]","[""bc1qxg98k9lwe8zj324ntf3ezjzv0rpk9n4fgyw9j6"", ""bc1qpxeyzck09msvuxqnskmsya6p66jefk5l9cq55c""]",[3.681268],"[2.894088, 0.78706]",0.00012,P2SH
tx-rec-000255,2026-03-01T10:52:52+00:00,tx_norm_000255,"[""bc1qc694t02thmd363mxzn2nqt58ztstg7qd5whgaq""]","[""bc1qz5j0ngrn5fpv34sleyc593kmmsqvpajjra2wyh""]",[0.511496],[0.511376],0.00012,P2PKH
tx-rec-000256,2026-03-01T10:53:03+00:00,tx_norm_000256,"[""bc1q8sv3gq3l2kjl5cj47l3jtgjg2gtreurl2d3zx3""]","[""bc1q0v5596p00t8c62rjrhsj4jy2tvjgy2hephx33m"", ""bc1qnt3sga272xjzk9s7dsvc4dwrwezhhxjtr3mukc""]",[1.167659],"[0.817468, 0.350071]",0.00012,P2SH
tx-rec-000257,2026-03-01T10:53:57+00:00,tx_norm_000257,"[""bc1q9enf0pknmslq3x4ta3sgephk5etky5pxtrdykk""]","[""bc1qhjx6lr5emwjezxs9yzg5fqraqvqxn7madpznyj""]",[3.768977],[3.768857],0.00012,P2WPKH
tx-rec-000258,2026-03-01T10:54:50+00:00,tx_norm_000258,"[""bc1q0v5596p00t8c62rjrhsj4jy2tvjgy2hephx33m""]","[""bc1qy4zh8m7xksekd9jh4zhuxdfl859xlf5ceuhnp9"", ""bc1q40mkyarwdfnj68u76tvvxzgka34rhc5n4mwcgm""]",[4.075829],"[3.467264, 0.608445]",0.00012,P2PKH
tx-rec-000259,2026-03-01T10:55:37+00:00,tx_norm_000259,"[""bc1qdlyf60rpyq3643wk0es395nwa8an5u0pvchzk9""]","[""bc1qcqshn6n09s6shs3mneye27d0cu7pn8qd5el6ua""]",[3.69724],[3.69712],0.00012,P2WPKH
tx-rec-000260,2026-03-01T10:56:14+00:00,tx_norm_000260,"[""bc1qz5j0ngrn5fpv34sleyc593kmmsqvpajjra2wyh""]","[""bc1q4hmjzzx5vldpsys03922tjnjfq3km9aj7tkenu""]",[1.513027],[1.512907],0.00012,P2TR
tx-rec-000261,2026-03-01T10:57:07+00:00,tx_norm_000261,"[""bc1ql6e5ah3ffh398nm74aycmtccuvz5cy7cyyaqhl""]","[""bc1qfy8gd02j8zd0xunt5auq5qg039ukrj4aa2ftg4""]",[3.181622],[3.181502],0.00012,P2SH
tx-rec-000262,2026-03-01T10:57:37+00:00,tx_norm_000262,"[""bc1qfy8gd02j8zd0xunt5auq5qg039ukrj4aa2ftg4""]","[""bc1qn098rpw3f07j07nk8lt0tqc5yc34vmtrkzekum""]",[2.05322],[2.0531],0.00012,P2TR
tx-rec-000263,2026-03-01T10:58:23+00:00,tx_norm_000263,"[""bc1qn5hzcqnvvvecqsv23nxzrf4nvgqw2tad5jlt63""]","[""bc1qarmcwzcwd7yxe8r5rl6dn2w9k2zpn0qfekh5qn""]",[3.493615],[3.493495],0.00012,P2TR
tx-rec-000264,2026-03-01T10:58:54+00:00,tx_norm_000264,"[""bc1qsw0742mq2re87v2jaurcmpca5p8a2ywxnfhzyp""]","[""bc1qatmdnmprpunwnaglr3ar65kzjxu9uhtrc4y5yv""]",[2.452143],[2.452023],0.00012,P2SH
tx-rec-000265,2026-03-01T10:59:38+00:00,tx_norm_000265,"[""bc1qp63vacy36erkw3mmh0y6w6477qrr9a82lu5dfa""]","[""bc1qpfuh30sa9k6grsk44sudu2rkz4usazgdugzs8t""]",[3.845929],[3.845809],0.00012,P2TR
tx-rec-000266,2026-03-01T10:59:44+00:00,tx_norm_000266,"[""bc1qdtkm3azrjsu3zngpdwsn6yfx2456cqdywv9nk5""]","[""bc1qp63vacy36erkw3mmh0y6w6477qrr9a82lu5dfa""]",[0.966142],[0.966022],0.00012,P2TR
tx-rec-000267,2026-03-01T11:00:32+00:00,tx_norm_000267,"[""bc1qv3fn7qh8n0ss4f6yj28vgtpzmywmrjukwrh98n""]","[""bc1qx6w6xzehxyxw0l4zazkhyvg746g96rtls6vwuj""]",[0.092477],[0.092357],0.00012,P2TR
tx-rec-000268,2026-03-01T11:01:12+00:00,tx_norm_000268,"[""bc1qldqn65772d9kcqa9vzp4ytxzv5v8qusphl9fgn""]","[""bc1qdh7qdv965l8498fe5y5t6hzvjrtakleq2uhngc""]",[0.747326],[0.747206],0.00012,P2TR
tx-rec-000269,2026-03-01T11:01:40+00:00,tx_norm_000269,"[""bc1qv3h8z28ne8gtgvg4hn4fk03mmaj7pyd28gkmhp""]","[""bc1qdkx904vy7ln6sdphrwean56tcnlv368ca9n9gv""]",[0.925287],[0.925167],0.00012,P2SH
tx-rec-000270,2026-03-01T11:02:05+00:00,tx_norm_000270,"[""bc1q38qalhjfrcq99474ks67hrzja47860k9zkq5vh""]","[""bc1qnt3sga272xjzk9s7dsvc4dwrwezhhxjtr3mukc"", ""bc1q0p6769w2m8afk2957wjnttztdkhxje6c8ws2zj""]",[0.999976],"[0.254205, 0.745651]",0.00012,P2SH
tx-rec-000271,2026-03-01T11:02:53+00:00,tx_norm_000271,"[""bc1q75qxvc0lxsvvydye4a56ytyn6yqxt8l6aq5ryy""]","[""bc1qptx4457ju9edelz8pvnvs3ek206hftlv4j27vw""]",[3.810568],[3.810448],0.00012,P2TR
tx-rec-000272,2026-03-01T11:03:30+00:00,tx_norm_000272,"[""bc1qlsyxl4akdfehm295mq2wc8rxw0ua9hq4v5zgu9""]","[""bc1ql7qs6mr4uy40apyeq3qn4svm4ztdfdjcvu4ynu""]",[3.095296],[3.095176],0.00012,P2SH
tx-rec-000273,2026-03-01T11:03:50+00:00,tx_norm_000273,"[""bc1ql6e5ah3ffh398nm74aycmtccuvz5cy7cyyaqhl""]","[""bc1qq4s8cuyajq265qr4m7xegtq4fxulsgpy5hj2xu"", ""bc1qgj48cl883n8wv38p75xlhtt74ffgrpz4ecv87g""]",[4.760666],"[3.705713, 1.054833]",0.00012,P2TR
tx-rec-000274,2026-03-01T11:04:50+00:00,tx_norm_000274,"[""bc1qw3j9xdyc0srrgpd3k7f79ucllhcp24tg4vg0y7""]","[""bc1q8eue4llkpkygqgaqutfhn8pqt3zhejxqktdwkn"", ""bc1qtcf5eshvaqtxkyk587nxv3r79pmv7srkhvcy0x""]",[4.760765],"[3.32004, 1.440605]",0.00012,P2PKH
tx-rec-000275,2026-03-01T11:05:40+00:00,tx_norm_000275,"[""bc1q9enf0pknmslq3x4ta3sgephk5etky5pxtrdykk""]","[""bc1q75qxvc0lxsvvydye4a56ytyn6yqxt8l6aq5ryy""]",[2.493179],[2.493059],0.00012,P2PKH
tx-rec-000276,2026-03-01T11:06:13+00:00,tx_norm_000276,"[""bc1q3spdn2zpesyf09jjllgesljd04fy4y5ag7hhgq""]","[""bc1q7qtl40nqcd5n9vfd9psfthdk9adqrvprgq67ec"", ""bc1q8sv3gq3l2kjl5cj47l3jtgjg2gtreurl2d3zx3""]",[4.056343],"[2.796592, 1.259631]",0.00012,P2PKH
tx-rec-000277,2026-03-01T11:06:41+00:00,tx_norm_000277,"[""bc1qx2fssznfzevxeppknd6kjr800apkku8d9xr4tf""]","[""bc1qv3h8z28ne8gtgvg4hn4fk03mmaj7pyd28gkmhp""]",[3.570934],[3.570814],0.00012,P2TR
tx-rec-000278,2026-03-01T11:07:13+00:00,tx_norm_000278,"[""bc1q40mkyarwdfnj68u76tvvxzgka34rhc5n4mwcgm""]","[""bc1qqfry9tkhfr9vu3w8gme0v67tcwq90y3rhsqnht""]",[0.40355],[0.40343],0.00012,P2PKH
tx-rec-000279,2026-03-01T11:08:04+00:00,tx_norm_000279,"[""bc1qjuaalzh5kdkkgc7ql8s2rqtepuzh2jlvvgjgrf""]","[""bc1qqdg9h7kxq5ml8pjn2fq4s0kxfxwh7ycnx3lkrx""]",[1.592694],[1.592574],0.00012,P2SH
tx-rec-000280,2026-03-01T11:08:59+00:00,tx_norm_000280,"[""bc1q3spdn2zpesyf09jjllgesljd04fy4y5ag7hhgq""]","[""bc1qr5f4hfy2dgyv4pkzde74vgpnm0t85l3s77vc5w""]",[1.022152],[1.022032],0.00012,P2PKH
tx-rec-000281,2026-03-01T11:09:33+00:00,tx_norm_000281,"[""bc1qee9f8sxtpartfv6anm9m702k649qr85hcatzgt""]","[""bc1qg462atcr4s2vp6dgmw3u6ey9evtnt4q2y6fltp"", ""bc1qwgtnch524wcqj68ggj6dafcmtn34parpxvcl5d""]",[2.474653],"[1.895113, 0.57942]",0.00012,P2TR
tx-rec-000282,2026-03-01T11:09:59+00:00,tx_norm_000282,"[""bc1q40mkyarwdfnj68u76tvvxzgka34rhc5n4mwcgm""]","[""bc1qh23xwl2xcylsqe368uewcs5zrjz2fucsyes09z""]",[2.694935],[2.694815],0.00012,P2PKH
tx-rec-000283,2026-03-01T11:10:52+00:00,tx_norm_000283,"[""bc1qvlhg62yhue3n25laz4smt8jggvzammry77p663""]","[""bc1qulyzp92shnx6lnh3dcpvcqayukgcczejzpkf7d"", ""bc1qgzq6mnnljnadktgd9a0uvdh0xyh0fa80dfke6r""]",[2.630553],"[2.011241, 0.619192]",0.00012,P2WPKH
tx-rec-000284,2026-03-01T11:11:42+00:00,tx_norm_000284,"[""bc1qwm0j85fm8fp3z3jjzkehnz90tdrnsrc2ku6sgq""]","[""bc1q84rhek99gzaxh4vgwg3pvcd3kwvqxntj475t0k"", ""bc1qfn77ursvuj6aj5vw07uu8gxq9ujn40dm6vld6w""]",[4.164483],"[3.637725, 0.526638]",0.00012,P2TR
tx-rec-000285,2026-03-01T11:12:30+00:00,tx_norm_000285,"[""bc1qwm0j85fm8fp3z3jjzkehnz90tdrnsrc2ku6sgq""]","[""bc1qulyzp92shnx6lnh3dcpvcqayukgcczejzpkf7d""]",[2.864774],[2.864654],0.00012,P2SH
tx-rec-000286,2026-03-01T11:13:13+00:00,tx_norm_000286,"[""bc1qwm0j85fm8fp3z3jjzkehnz90tdrnsrc2ku6sgq""]","[""bc1qmsk2hmhzwvhzx98l2thkjep6zqgq07lcm9k8hm""]",[1.482472],[1.482352],0.00012,P2PKH
tx-rec-000287,2026-03-01T11:14:12+00:00,tx_norm_000287,"[""bc1q0v5596p00t8c62rjrhsj4jy2tvjgy2hephx33m""]","[""bc1q0p6769w2m8afk2957wjnttztdkhxje6c8ws2zj""]",[1.169988],[1.169868],0.00012,P2WPKH
tx-rec-000288,2026-03-01T11:14:40+00:00,tx_norm_000288,"[""bc1qv3h8z28ne8gtgvg4hn4fk03mmaj7pyd28gkmhp""]","[""bc1qldqn65772d9kcqa9vzp4ytxzv5v8qusphl9fgn""]",[2.871403],[2.871283],0.00012,P2TR
tx-rec-000289,2026-03-01T11:15:15+00:00,tx_norm_000289,"[""bc1qp63vacy36erkw3mmh0y6w6477qrr9a82lu5dfa""]","[""bc1qcuy2s3h7uuu4s8sgr2gsjzhpacn2xj9n7wv74n""]",[0.660347],[0.660227],0.00012,P2SH
tx-rec-000290,2026-03-01T11:15:57+00:00,tx_norm_000290,"[""bc1q043nzp8cyj0u83pu3xhdw9ypxh7rv778m54xpp""]","[""bc1qpfuh30sa9k6grsk44sudu2rkz4usazgdugzs8t""]",[1.213589],[1.213469],0.00012,P2TR
tx-rec-000291,2026-03-01T11:16:43+00:00,tx_norm_000291,"[""bc1qjuaalzh5kdkkgc7ql8s2rqtepuzh2jlvvgjgrf""]","[""bc1qdkx904vy7ln6sdphrwean56tcnlv368ca9n9gv"", ""bc1qcuy2s3h7uuu4s8sgr2gsjzhpacn2xj9n7wv74n""]",[2.656477],"[2.024536, 0.631821]",0.00012,P2PKH
tx-rec-000292,2026-03-01T11:17:09+00:00,tx_norm_000292,"[""bc1q39nkczjgm4qvnsr7g8cgf4fpd5x3u34rtklkc4""]","[""bc1q84rhek99gzaxh4vgwg3pvcd3kwvqxntj475t0k"", ""bc1qp63vacy36erkw3mmh0y6w6477qrr9a82lu5dfa""]",[1.988061],"[0.798721, 1.18922]",0.00012,P2PKH
tx-rec-000293,2026-03-01T11:17:55+00:00,tx_norm_000293,"[""bc1qrzytdt0kgppluy480wkx83uxaf5yah4w5gpryf""]","[""bc1q57cpjc6xcdsrnqm78k8zaa7qcdxt94pezuytaa""]",[1.922968],[1.922848],0.00012,P2PKH
tx-rec-000294,2026-03-01T11:18:53+00:00,tx_norm_000294,"[""bc1qqc4dhlpfruavtj05p7s6a9uqas2u4vrvrk8tta""]","[""bc1q043nzp8cyj0u83pu3xhdw9ypxh7rv778m54xpp""]",[3.153777],[3.153657],0.00012,P2SH
tx-rec-000295,2026-03-01T11:19:45+00:00,tx_norm_000295,"[""bc1qrzytdt0kgppluy480wkx83uxaf5yah4w5gpryf""]","[""bc1qqdg9h7kxq5ml8pjn2fq4s0kxfxwh7ycnx3lkrx""]",[2.559139],[2.559019],0.00012,P2PKH
tx-rec-000296,2026-03-01T11:20:11+00:00,tx_norm_000296,"[""bc1qpfuh30sa9k6grsk44sudu2rkz4usazgdugzs8t""]","[""bc1q55awtvw784swfm5xvztw0rcxtvt9t4vv8ugat8""]",[1.048936],[1.048816],0.00012,P2PKH
tx-rec-000297,2026-03-01T11:21:07+00:00,tx_norm_000297,"[""bc1qmzn0uapy544k9mq7n9hwv3f90sn9rkf03wwkul""]","[""bc1qhdyfpp3mtq35qnrc40ad956gkf0d3mceae3wwz"", ""bc1qwgtnch524wcqj68ggj6dafcmtn34parpxvcl5d""]",[3.400268],"[2.18397, 1.216178]",0.00012,P2SH
tx-rec-000298,2026-03-01T11:21:56+00:00,tx_norm_000298,"[""bc1qh4lupjq9dm3x7hw3t2kyfdqu923ayy4rk7j8n6""]","[""bc1qfn77ursvuj6aj5vw07uu8gxq9ujn40dm6vld6w"", ""bc1qv3h8z28ne8gtgvg4hn4fk03mmaj7pyd28gkmhp""]",[4.040786],"[3.302174, 0.738492]",0.00012,P2PKH
tx-rec-000299,2026-03-01T11:22:39+00:00,tx_norm_000299,"[""bc1qyqemyaetupurpjnfdd67yh853v4suw2cs5e6us""]","[""bc1qd94lr8j2v8he5xvkxrfcfr93djw6tzy3gavck0""]",[1.072017],[1.071897],0.00012,P2PKH
tx-rec-000300,2026-03-01T11:22:52+00:00,tx_norm_000300,"[""bc1qw3j9xdyc0srrgpd3k7f79ucllhcp24tg4vg0y7""]","[""bc1qnt3sga272xjzk9s7dsvc4dwrwezhhxjtr3mukc"", ""bc1qszz4p9ux2z8vtduv6ltqx0qyll7zwhah388j0x""]",[1.405499],"[0.239026, 1.166353]",0.00012,P2TR
tx-rec-000301,2026-03-01T11:23:26+00:00,tx_norm_000301,"[""bc1qsjn93a9ck58qq3fkf7fwlqvse0dsvyfrkm88f0""]","[""bc1q4hmjzzx5vldpsys03922tjnjfq3km9aj7tkenu"", ""bc1qcqjuu9k6ndnujexjdvhhmj563n76dq48trhh76""]",[4.382497],"[3.394909, 0.987468]",0.00012,P2SH
tx-rec-000302,2026-03-01T11:24:01+00:00,tx_norm_000302,"[""bc1ql7qs6mr4uy40apyeq3qn4svm4ztdfdjcvu4ynu""]","[""bc1qh23xwl2xcylsqe368uewcs5zrjz2fucsyes09z"", ""bc1qd94lr8j2v8he5xvkxrfcfr93djw6tzy3gavck0""]",[1.250866],"[0.32562, 0.925126]",0.00012,P2TR
tx-rec-000303,2026-03-01T11:24:25+00:00,tx_norm_000303,"[""bc1q7lamglhs7ws80f8duwy0pvr4j8h2zq3xwjqdz3""]","[""bc1qvlq28a3849ndd79xnm6r6eznkpus82c97ywcne""]",[2.241809],[2.241689],0.00012,P2PKH
tx-rec-000304,2026-03-01T11:25:16+00:00,tx_norm_000304,"[""bc1qdlyf60rpyq3643wk0es395nwa8an5u0pvchzk9""]","[""bc1qptx4457ju9edelz8pvnvs3ek206hftlv4j27vw"", ""bc1qu02l6n2l296yml0rpa3gzv6umtu6p9rcgl8e47""]",[3.983113],"[2.994087, 0.988906]",0.00012,P2TR
tx-rec-000305,2026-03-01T11:25:21+00:00,tx_norm_000305,"[""bc1qu857msn6shssgxlnmvn53ga92jag2u3vvmjgkt""]","[""bc1q2xmphldtc863jfk387cd7sjzuz0pgwmmypcxye"", ""bc1qh3wqjwtpm4s6zzt5fzfznu9xx3eec9gvtmjff5""]",[1.917829],"[1.570564, 0.347145]",0.00012,P2TR
tx-rec-000306,2026-03-01T11:25:58+00:00,tx_norm_000306,"[""bc1qfy8gd02j8zd0xunt5auq5qg039ukrj4aa2ftg4""]","[""bc1qfn77ursvuj6aj5vw07uu8gxq9ujn40dm6vld6w""]",[1.157225],[1.157105],0.00012,P2SH
tx-rec-000307,2026-03-01T11:26:24+00:00,tx_norm_000307,"[""bc1qt6gfp8gargkathudyzgaejyut59nvk4vvas9w5""]","[""bc1qcqshn6n09s6shs3mneye27d0cu7pn8qd5el6ua""]",[2.163181],[2.163061],0.00012,P2TR
tx-rec-000308,2026-03-01T11:26:36+00:00,tx_norm_000308,"[""bc1qpxeyzck09msvuxqnskmsya6p66jefk5l9cq55c""]","[""bc1qvm8x5g990twp6gdlnf9v7eh8llzazp9lpr2mhw""]",[1.879867],[1.879747],0.00012,P2TR
tx-rec-000309,2026-03-01T11:27:12+00:00,tx_norm_000309,"[""bc1qsns7kxgq4zm86kk3zxg4uhqj9uz8kexjwv9tfx""]","[""bc1qvm8x5g990twp6gdlnf9v7eh8llzazp9lpr2mhw""]",[0.257196],[0.257076],0.00012,P2WPKH
tx-rec-000310,2026-03-01T11:27:23+00:00,tx_norm_000310,"[""bc1q76dr9uxk35a9d0ne60vs8rpkejhkmcn4j3u5v7""]","[""bc1qmsk2hmhzwvhzx98l2thkjep6zqgq07lcm9k8hm""]",[1.709218],[1.709098],0.00012,P2SH
tx-rec-000311,2026-03-01T11:27:40+00:00,tx_norm_000311,"[""bc1q9enf0pknmslq3x4ta3sgephk5etky5pxtrdykk""]","[""bc1qcpe6g5m0el0n5g2e7csesu930kzdnsnsy7055p"", ""bc1qldqn65772d9kcqa9vzp4ytxzv5v8qusphl9fgn""]",[3.465825],"[2.938168, 0.527537]",0.00012,P2TR
tx-rec-000312,2026-03-01T11:27:51+00:00,tx_norm_000312,"[""bc1qcqshn6n09s6shs3mneye27d0cu7pn8qd5el6ua""]","[""bc1qnt3sga272xjzk9s7dsvc4dwrwezhhxjtr3mukc"", ""bc1qarmcwzcwd7yxe8r5rl6dn2w9k2zpn0qfekh5qn""]",[3.887993],"[3.571436, 0.316437]",0.00012,P2SH
tx-rec-000313,2026-03-01T11:28:08+00:00,tx_norm_000313,"[""bc1qkaxudtg2w7jy6yk03psvf4kqzsnyr5gc32tkl8""]","[""bc1q8sv3gq3l2kjl5cj47l3jtgjg2gtreurl2d3zx3""]",[3.026564],[3.026444],0.00012,P2SH
tx-rec-000314,2026-03-01T11:28:33+00:00,tx_norm_000314,"[""bc1qw3j9xdyc0srrgpd3k7f79ucllhcp24tg4vg0y7""]","[""bc1q8eue4llkpkygqgaqutfhn8pqt3zhejxqktdwkn""]",[2.517791],[2.517671],0.00012,P2WPKH
tx-rec-000315,2026-03-01T11:28:52+00:00,tx_norm_000315,"[""bc1qh4lupjq9dm3x7hw3t2kyfdqu923ayy4rk7j8n6""]","[""bc1qwgtnch524wcqj68ggj6dafcmtn34parpxvcl5d""]",[1.81989],[1.81977],0.00012,P2WPKH
tx-rec-000316,2026-03-01T11:29:20+00:00,tx_norm_000316,"[""bc1q0gma8qqgpxtnpxfknxu36arla4qqyjh32fc93y""]","[""bc1q84rhek99gzaxh4vgwg3pvcd3kwvqxntj475t0k""]",[1.288282],[1.288162],0.00012,P2WPKH
tx-rec-000317,2026-03-01T11:29:53+00:00,tx_norm_000317,"[""bc1q3pamfqd2vdz9zy3ndtpy5mt23sdelmpydsljen""]","[""bc1quynh6t6rhxkn22vypsfu8q0jdmpmhh0k0j9z0u""]",[2.170956],[2.170836],0.00012,P2PKH
tx-rec-000318,2026-03-01T11:30:46+00:00,tx_norm_000318,"[""bc1qx2fssznfzevxeppknd6kjr800apkku8d9xr4tf""]","[""bc1qmzn0uapy544k9mq7n9hwv3f90sn9rkf03wwkul""]",[3.729694],[3.729574],0.00012,P2SH
tx-rec-000319,2026-03-01T11:31:20+00:00,tx_norm_000319,"[""bc1qkaxudtg2w7jy6yk03psvf4kqzsnyr5gc32tkl8""]","[""bc1qt6gfp8gargkathudyzgaejyut59nvk4vvas9w5""]",[0.080019],[0.079899],0.00012,P2SH
tx-rec-000320,2026-03-01T11:32:07+00:00,tx_norm_000320,"[""bc1q6ed0puz5x4f29cqpsllzpcjq4p8dpeukz2n6vv""]","[""bc1qu857msn6shssgxlnmvn53ga92jag2u3vvmjgkt""]",[1.138614],[1.138494],0.00012,P2WPKH
tx-rec-000321,2026-03-01T11:32:39+00:00,tx_norm_000321,"[""bc1qalldcf088rfu5rwgdak6muv5k9w330j0lelxkk""]","[""bc1qx6w6xzehxyxw0l4zazkhyvg746g96rtls6vwuj""]",[1.257379],[1.257259],0.00012,P2SH
tx-rec-000322,2026-03-01T11:33:35+00:00,tx_norm_000322,"[""bc1q0v5596p00t8c62rjrhsj4jy2tvjgy2hephx33m""]","[""bc1qpm706a3vaehp3k6wdg9g892sp3dkzlkuufkvhw""]",[1.938937],[1.938817],0.00012,P2PKH
tx-rec-000323,2026-03-01T11:33:44+00:00,tx_norm_000323,"[""bc1qqjut3v20xvllqf40ctmux3v8ljeacc6j4jwdru""]","[""bc1qsns7kxgq4zm86kk3zxg4uhqj9uz8kexjwv9tfx""]",[1.256602],[1.256482],0.00012,P2TR
tx-rec-000324,2026-03-01T11:33:51+00:00,tx_norm_000324,"[""bc1q9enf0pknmslq3x4ta3sgephk5etky5pxtrdykk""]","[""bc1qrqae6lyvnp9f0ss0xnm09taynfed9gpue4jpud""]",[1.504912],[1.504792],0.00012,P2TR
tx-rec-000325,2026-03-01T11:34:11+00:00,tx_norm_000325,"[""bc1qt6gfp8gargkathudyzgaejyut59nvk4vvas9w5""]","[""bc1qezy2mxy8lx5r8z6w3qnwg983940erzwhek4hvn"", ""bc1qmzn0uapy544k9mq7n9hwv3f90sn9rkf03wwkul""]",[3.25421],"[2.25861, 0.99548]",0.00012,P2WPKH
tx-rec-000326,2026-03-01T11:34:50+00:00,tx_norm_000326,"[""bc1qqdg9h7kxq5ml8pjn2fq4s0kxfxwh7ycnx3lkrx""]","[""bc1qh23xwl2xcylsqe368uewcs5zrjz2fucsyes09z"", ""bc1qvlhg62yhue3n25laz4smt8jggvzammry77p663""]",[4.889575],"[3.556265, 1.33319]",0.00012,P2PKH
tx-rec-000327,2026-03-01T11:35:15+00:00,tx_norm_000327,"[""bc1q9enf0pknmslq3x4ta3sgephk5etky5pxtrdykk""]","[""bc1qq4s8cuyajq265qr4m7xegtq4fxulsgpy5hj2xu"", ""bc1qulyzp92shnx6lnh3dcpvcqayukgcczejzpkf7d""]",[2.521826],"[1.595974, 0.925732]",0.00012,P2SH
tx-rec-000328,2026-03-01T11:35:55+00:00,tx_norm_000328,"[""bc1qv3fn7qh8n0ss4f6yj28vgtpzmywmrjukwrh98n""]","[""bc1qh23xwl2xcylsqe368uewcs5zrjz2fucsyes09z""]",[0.948017],[0.947897],0.00012,P2WPKH
tx-rec-000329,2026-03-01T11:36:35+00:00,tx_norm_000329,"[""bc1qq5n6x9n9dw6eaq8nq0h58p0quzf53er4cw5ss5""]","[""bc1qvjf54hm2tj4h5muwsnjd2j8ttelrsq45h8vawf"", ""bc1q9enf0pknmslq3x4ta3sgephk5etky5pxtrdykk""]",[2.303496],"[1.125508, 1.177868]",0.00012,P2WPKH
tx-rec-000330,2026-03-01T11:37:34+00:00,tx_norm_000330,"[""bc1q57cpjc6xcdsrnqm78k8zaa7qcdxt94pezuytaa""]","[""bc1qcuy2s3h7uuu4s8sgr2gsjzhpacn2xj9n7wv74n""]",[2.976163],[2.976043],0.00012,P2SH
tx-rec-000331,2026-03-01T11:37:50+00:00,tx_norm_000331,"[""bc1qdtkm3azrjsu3zngpdwsn6yfx2456cqdywv9nk5""]","[""bc1q8eue4llkpkygqgaqutfhn8pqt3zhejxqktdwkn""]",[0.880558],[0.880438],0.00012,P2SH
tx-rec-000332,2026-03-01T11:38:38+00:00,tx_norm_000332,"[""bc1qg462atcr4s2vp6dgmw3u6ey9evtnt4q2y6fltp""]","[""bc1qwgtnch524wcqj68ggj6dafcmtn34parpxvcl5d""]",[0.986971],[0.986851],0.00012,P2PKH
tx-rec-000333,2026-03-01T11:38:51+00:00,tx_norm_000333,"[""bc1qqfry9tkhfr9vu3w8gme0v67tcwq90y3rhsqnht""]","[""bc1qfn77ursvuj6aj5vw07uu8gxq9ujn40dm6vld6w""]",[1.584565],[1.584445],0.00012,P2TR
tx-rec-000334,2026-03-01T11:39:47+00:00,tx_norm_000334,"[""bc1q6y36mp84w8mmfljx7q8epacs3gzz379xwwd6uq""]","[""bc1qkqq6y035xf3832ezmjqmyung7pta2mj862806z""]",[2.036808],[2.036688],0.00012,P2WPKH
tx-rec-000335,2026-03-01T11:39:53+00:00,tx_norm_000335,"[""bc1q7lamglhs7ws80f8duwy0pvr4j8h2zq3xwjqdz3""]","[""bc1quynh6t6rhxkn22vypsfu8q0jdmpmhh0k0j9z0u""]",[3.833411],[3.833291],0.00012,P2WPKH
tx-rec-000336,2026-03-01T11:40:48+00:00,tx_norm_000336,"[""bc1qz5j0ngrn5fpv34sleyc593kmmsqvpajjra2wyh""]","[""bc1qcat4vnp6z866ky8e6nf0m7leq7st34v6cg9vjn""]",[1.091895],[1.091775],0.00012,P2PKH
tx-rec-000337,2026-03-01T11:41:40+00:00,tx_norm_000337,"[""bc1q07cvy9nezky4z6y94frcmjel9q0xkrrpd3pccv""]","[""bc1q45u3lfy89ctqrc937sl56gfky7a946puq2uc38""]",[0.359412],[0.359292],0.00012,P2PKH
tx-rec-000338,2026-03-01T11:42:19+00:00,tx_norm_000338,"[""bc1qsns7kxgq4zm86kk3zxg4uhqj9uz8kexjwv9tfx""]","[""bc1qcqjuu9k6ndnujexjdvhhmj563n76dq48trhh76""]",[1.979529],[1.979409],0.00012,P2TR
tx-rec-000339,2026-03-01T11:43:03+00:00,tx_norm_000339,"[""bc1qfn77ursvuj6aj5vw07uu8gxq9ujn40dm6vld6w""]","[""bc1qatmdnmprpunwnaglr3ar65kzjxu9uhtrc4y5yv""]",[2.896204],[2.896084],0.00012,P2TR
tx-rec-000340,2026-03-01T11:44:00+00:00,tx_norm_000340,"[""bc1qt6gfp8gargkathudyzgaejyut59nvk4vvas9w5""]","[""bc1q8eue4llkpkygqgaqutfhn8pqt3zhejxqktdwkn""]",[1.740325],[1.740205],0.00012,P2SH
tx-rec-000341,2026-03-01T11:44:46+00:00,tx_norm_000341,"[""bc1qakj6y5prmulu02nlnsfnhnayhtpa32gh7mcqrv""]","[""bc1q07cvy9nezky4z6y94frcmjel9q0xkrrpd3pccv""]",[0.703656],[0.703536],0.00012,P2TR
tx-rec-000342,2026-03-01T11:45:24+00:00,tx_norm_000342,"[""bc1q9enf0pknmslq3x4ta3sgephk5etky5pxtrdykk""]","[""bc1qarmcwzcwd7yxe8r5rl6dn2w9k2zpn0qfekh5qn""]",[2.848338],[2.848218],0.00012,P2PKH
tx-rec-000343,2026-03-01T11:45:54+00:00,tx_norm_000343,"[""bc1q45u3lfy89ctqrc937sl56gfky7a946puq2uc38""]","[""bc1qwm0j85fm8fp3z3jjzkehnz90tdrnsrc2ku6sgq""]",[0.029551],[0.029431],0.00012,P2PKH
tx-rec-000344,2026-03-01T11:45:59+00:00,tx_norm_000344,"[""bc1q39nkczjgm4qvnsr7g8cgf4fpd5x3u34rtklkc4""]","[""bc1qakj6y5prmulu02nlnsfnhnayhtpa32gh7mcqrv"", ""bc1qdpsvrymdl7p84vdsltvzumn0xu96qac0vle5n0""]",[2.565637],"[1.64739, 0.918127]",0.00012,P2WPKH
tx-rec-000345,2026-03-01T11:46:38+00:00,tx_norm_000345,"[""bc1qhdyfpp3mtq35qnrc40ad956gkf0d3mceae3wwz""]","[""bc1qrqae6lyvnp9f0ss0xnm09taynfed9gpue4jpud""]",[2.56359],[2.56347],0.00012,P2WPKH
tx-rec-000346,2026-03-01T11:47:28+00:00,tx_norm_000346,"[""bc1qdh7qdv965l8498fe5y5t6hzvjrtakleq2uhngc""]","[""bc1q45u3lfy89ctqrc937sl56gfky7a946puq2uc38""]",[0.591885],[0.591765],0.00012,P2SH
tx-rec-000347,2026-03-01T11:47:52+00:00,tx_norm_000347,"[""bc1qvm8x5g990twp6gdlnf9v7eh8llzazp9lpr2mhw""]","[""bc1qsjn93a9ck58qq3fkf7fwlqvse0dsvyfrkm88f0""]",[0.105953],[0.105833],0.00012,P2PKH
tx-rec-000348,2026-03-01T11:48:46+00:00,tx_norm_000348,"[""bc1q38qalhjfrcq99474ks67hrzja47860k9zkq5vh""]","[""bc1qp3qrv23fgmarr4qq6yjtr65s9ws0t93ql3gdhl"", ""bc1qdlyf60rpyq3643wk0es395nwa8an5u0pvchzk9""]",[1.886649],"[1.345058, 0.541471]",0.00012,P2SH
tx-rec-000349,2026-03-01T11:49:33+00:00,tx_norm_000349,"[""bc1qr5f4hfy2dgyv4pkzde74vgpnm0t85l3s77vc5w""]","[""bc1qrzytdt0kgppluy480wkx83uxaf5yah4w5gpryf""]",[1.169884],[1.169764],0.00012,P2WPKH
tx-rec-000350,2026-03-01T11:49:52+00:00,tx_norm_000350,"[""bc1qh4lupjq9dm3x7hw3t2kyfdqu923ayy4rk7j8n6""]","[""bc1qc694t02thmd363mxzn2nqt58ztstg7qd5whgaq""]",[0.840392],[0.840272],0.00012,P2SH
tx-rec-000351,2026-03-01T11:50:25+00:00,tx_norm_000351,"[""bc1qqfry9tkhfr9vu3w8gme0v67tcwq90y3rhsqnht""]","[""bc1qkqq6y035xf3832ezmjqmyung7pta2mj862806z"", ""bc1qdlyf60rpyq3643wk0es395nwa8an5u0pvchzk9""]",[4.791752],"[3.650113, 1.141519]",0.00012,P2SH
tx-rec-000352,2026-03-01T11:50:54+00:00,tx_norm_000352,"[""bc1q6y36mp84w8mmfljx7q8epacs3gzz379xwwd6uq""]","[""bc1qhdyfpp3mtq35qnrc40ad956gkf0d3mceae3wwz"", ""bc1q40mkyarwdfnj68u76tvvxzgka34rhc5n4mwcgm""]",[2.32404],"[1.691213, 0.632707]",0.00012,P2PKH
tx-rec-000353,2026-03-01T11:51:04+00:00,tx_norm_000353,"[""bc1qn5hzcqnvvvecqsv23nxzrf4nvgqw2tad5jlt63""]","[""bc1qldqn65772d9kcqa9vzp4ytxzv5v8qusphl9fgn""]",[3.516694],[3.516574],0.00012,P2PKH
tx-rec-000354,2026-03-01T11:51:19+00:00,tx_norm_000354,"[""bc1qpxeyzck09msvuxqnskmsya6p66jefk5l9cq55c""]","[""bc1qr5f4hfy2dgyv4pkzde74vgpnm0t85l3s77vc5w""]",[0.467898],[0.467778],0.00012,P2WPKH
tx-rec-000355,2026-03-01T11:52:11+00:00,tx_norm_000355,"[""bc1q84rhek99gzaxh4vgwg3pvcd3kwvqxntj475t0k""]","[""bc1qy4zh8m7xksekd9jh4zhuxdfl859xlf5ceuhnp9""]",[0.739442],[0.739322],0.00012,P2WPKH
tx-rec-000356,2026-03-01T11:52:46+00:00,tx_norm_000356,"[""bc1qu857msn6shssgxlnmvn53ga92jag2u3vvmjgkt""]","[""bc1qw3j9xdyc0srrgpd3k7f79ucllhcp24tg4vg0y7""]",[0.435731],[0.435611],0.00012,P2PKH
tx-rec-000357,2026-03-01T11:53:15+00:00,tx_norm_000357,"[""bc1qzhsd8sragjejpvtm6jg6ypyrhd8h3d27xdhg2z""]","[""bc1qtcf5eshvaqtxkyk587nxv3r79pmv7srkhvcy0x""]",[1.544306],[1.544186],0.00012,P2WPKH
tx-rec-000358,2026-03-01T11:53:43+00:00,tx_norm_000358,"[""bc1q3pamfqd2vdz9zy3ndtpy5mt23sdelmpydsljen""]","[""bc1qsdeljr33auxdy9m7xl9f43aytywulqylssyggl""]",[0.25622],[0.2561],0.00012,P2WPKH
tx-rec-000359,2026-03-01T11:54:02+00:00,tx_norm_000359,"[""bc1qapp9m5u4r444779j7qa2h7xc0pxup53jr498za""]","[""bc1qraafea5fypwmak0aflngg7hwt63jncusp8708h""]",[2.506034],[2.505914],0.00012,P2TR
tx-rec-000360,2026-03-01T11:54:08+00:00,tx_norm_000360,"[""bc1qt6gfp8gargkathudyzgaejyut59nvk4vvas9w5""]","[""bc1qhjx6lr5emwjezxs9yzg5fqraqvqxn7madpznyj""]",[2.494218],[2.494098],0.00012,P2SH
tx-rec-000361,2026-03-01T11:55:07+00:00,tx_norm_000361,"[""bc1qqjut3v20xvllqf40ctmux3v8ljeacc6j4jwdru""]","[""bc1qn5hzcqnvvvecqsv23nxzrf4nvgqw2tad5jlt63"", ""bc1qulyzp92shnx6lnh3dcpvcqayukgcczejzpkf7d""]",[2.472236],"[2.175807, 0.296309]",0.00012,P2TR
tx-rec-000362,2026-03-01T11:56:00+00:00,tx_norm_000362,"[""bc1qgj48cl883n8wv38p75xlhtt74ffgrpz4ecv87g""]","[""bc1q55awtvw784swfm5xvztw0rcxtvt9t4vv8ugat8"", ""bc1qpxeyzck09msvuxqnskmsya6p66jefk5l9cq55c""]",[3.322859],"[2.297406, 1.025333]",0.00012,P2WPKH
tx-rec-000363,2026-03-01T11:56:44+00:00,tx_norm_000363,"[""bc1qtcf5eshvaqtxkyk587nxv3r79pmv7srkhvcy0x""]","[""bc1q7qtl40nqcd5n9vfd9psfthdk9adqrvprgq67ec"", ""bc1qq5n6x9n9dw6eaq8nq0h58p0quzf53er4cw5ss5""]",[2.062061],"[0.610521, 1.45142]",0.00012,P2SH
tx-rec-000364,2026-03-01T11:57:12+00:00,tx_norm_000364,"[""bc1qdkx904vy7ln6sdphrwean56tcnlv368ca9n9gv""]","[""bc1qh4lupjq9dm3x7hw3t2kyfdqu923ayy4rk7j8n6"", ""bc1qmmldvmuqam354a6qjf5e6nqnzkh5cg2d05uyjh""]",[0.811439],"[0.425611, 0.385708]",0.00012,P2TR
tx-rec-000365,2026-03-01T11:57:57+00:00,tx_norm_000365,"[""bc1qqdg9h7kxq5ml8pjn2fq4s0kxfxwh7ycnx3lkrx""]","[""bc1qc694t02thmd363mxzn2nqt58ztstg7qd5whgaq""]",[3.240399],[3.240279],0.00012,P2PKH
tx-rec-000366,2026-03-01T11:58:52+00:00,tx_norm_000366,"[""bc1qxvanm5sksj0c0xwua2wy3h3ss5hk9vf7kr7azn""]","[""bc1qz5dkcg984aem8v6clcshjha0yjy7d2hwnhkvfw""]",[0.114691],[0.114571],0.00012,P2SH
tx-rec-000367,2026-03-01T11:59:23+00:00,tx_norm_000367,"[""bc1qf98xgvk2zuzxv6h7e2ez9tgfyzkq5aylkr2ljv""]","[""bc1qp3qrv23fgmarr4qq6yjtr65s9ws0t93ql3gdhl""]",[1.454826],[1.454706],0.00012,P2SH
tx-rec-000368,2026-03-01T11:59:38+00:00,tx_norm_000368,"[""bc1qsjn93a9ck58qq3fkf7fwlqvse0dsvyfrkm88f0""]","[""bc1qvlq28a3849ndd79xnm6r6eznkpus82c97ywcne"", ""bc1quynh6t6rhxkn22vypsfu8q0jdmpmhh0k0j9z0u""]",[2.82921],"[1.345622, 1.483468]",0.00012,P2PKH
tx-rec-000369,2026-03-01T12:00:13+00:00,tx_norm_000369,"[""bc1ql6e5ah3ffh398nm74aycmtccuvz5cy7cyyaqhl""]","[""bc1qtcf5eshvaqtxkyk587nxv3r79pmv7srkhvcy0x""]",[3.29698],[3.29686],0.00012,P2SH
tx-rec-000370,2026-03-01T12:01:12+00:00,tx_norm_000370,"[""bc1q75qxvc0lxsvvydye4a56ytyn6yqxt8l6aq5ryy""]","[""bc1qu02l6n2l296yml0rpa3gzv6umtu6p9rcgl8e47""]",[2.453828],[2.453708],0.00012,P2TR
tx-rec-000371,2026-03-01T12:01:33+00:00,tx_norm_000371,"[""bc1q38qalhjfrcq99474ks67hrzja47860k9zkq5vh""]","[""bc1qakj6y5prmulu02nlnsfnhnayhtpa32gh7mcqrv""]",[2.528879],[2.528759],0.00012,P2PKH
tx-rec-000372,2026-03-01T12:02:08+00:00,tx_norm_000372,"[""bc1qmmldvmuqam354a6qjf5e6nqnzkh5cg2d05uyjh""]","[""bc1qpxeyzck09msvuxqnskmsya6p66jefk5l9cq55c""]",[3.200659],[3.200539],0.00012,P2SH
tx-rec-000373,2026-03-01T12:02:27+00:00,tx_norm_000373,"[""bc1qldqn65772d9kcqa9vzp4ytxzv5v8qusphl9fgn""]","[""bc1q38qalhjfrcq99474ks67hrzja47860k9zkq5vh"", ""bc1quw6459ts6pc3dratc9avhvly3wjvea2v57flxg""]",[3.317131],"[3.101946, 0.215065]",0.00012,P2PKH
tx-rec-000374,2026-03-01T12:03:17+00:00,tx_norm_000374,"[""bc1qx2fssznfzevxeppknd6kjr800apkku8d9xr4tf""]","[""bc1qfy8gd02j8zd0xunt5auq5qg039ukrj4aa2ftg4"", ""bc1q39nkczjgm4qvnsr7g8cgf4fpd5x3u34rtklkc4""]",[3.866258],"[3.415199, 0.450939]",0.00012,P2WPKH
tx-rec-000375,2026-03-01T12:03:43+00:00,tx_norm_000375,"[""bc1qg462atcr4s2vp6dgmw3u6ey9evtnt4q2y6fltp""]","[""bc1ql6e5ah3ffh398nm74aycmtccuvz5cy7cyyaqhl""]",[2.57495],[2.57483],0.00012,P2WPKH
tx-rec-000376,2026-03-01T12:04:36+00:00,tx_norm_000376,"[""bc1qee9f8sxtpartfv6anm9m702k649qr85hcatzgt""]","[""bc1q38qalhjfrcq99474ks67hrzja47860k9zkq5vh""]",[1.266065],[1.265945],0.00012,P2SH
tx-rec-000377,2026-03-01T12:05:18+00:00,tx_norm_000377,"[""bc1qhjx6lr5emwjezxs9yzg5fqraqvqxn7madpznyj""]","[""bc1q043nzp8cyj0u83pu3xhdw9ypxh7rv778m54xpp""]",[0.136716],[0.136596],0.00012,P2TR
tx-rec-000378,2026-03-01T12:06:03+00:00,tx_norm_000378,"[""bc1q6y36mp84w8mmfljx7q8epacs3gzz379xwwd6uq""]","[""bc1qzhsd8sragjejpvtm6jg6ypyrhd8h3d27xdhg2z"", ""bc1qulyzp92shnx6lnh3dcpvcqayukgcczejzpkf7d""]",[1.754514],"[0.765911, 0.988483]",0.00012,P2SH
tx-rec-000379,2026-03-01T12:06:18+00:00,tx_norm_000379,"[""bc1q8sv3gq3l2kjl5cj47l3jtgjg2gtreurl2d3zx3""]","[""bc1qdtkm3azrjsu3zngpdwsn6yfx2456cqdywv9nk5""]",[0.050155],[0.050035],0.00012,P2WPKH
tx-rec-000380,2026-03-01T12:06:35+00:00,tx_norm_000380,"[""bc1qpm706a3vaehp3k6wdg9g892sp3dkzlkuufkvhw""]","[""bc1qdkx904vy7ln6sdphrwean56tcnlv368ca9n9gv""]",[3.146445],[3.146325],0.00012,P2TR
tx-rec-000381,2026-03-01T12:06:53+00:00,tx_norm_000381,"[""bc1qhdyfpp3mtq35qnrc40ad956gkf0d3mceae3wwz""]","[""bc1qpm706a3vaehp3k6wdg9g892sp3dkzlkuufkvhw""]",[1.015604],[1.015484],0.00012,P2WPKH
tx-rec-000382,2026-03-01T12:07:39+00:00,tx_norm_000382,"[""bc1qkaxudtg2w7jy6yk03psvf4kqzsnyr5gc32tkl8""]","[""bc1qldqn65772d9kcqa9vzp4ytxzv5v8qusphl9fgn""]",[3.55746],[3.55734],0.00012,P2SH
tx-rec-000383,2026-03-01T12:08:00+00:00,tx_norm_000383,"[""bc1qz5dkcg984aem8v6clcshjha0yjy7d2hwnhkvfw""]","[""bc1qu02l6n2l296yml0rpa3gzv6umtu6p9rcgl8e47""]",[3.357849],[3.357729],0.00012,P2TR
tx-rec-000384,2026-03-01T12:08:47+00:00,tx_norm_000384,"[""bc1qsjn93a9ck58qq3fkf7fwlqvse0dsvyfrkm88f0""]","[""bc1quw6459ts6pc3dratc9avhvly3wjvea2v57flxg""]",[3.297264],[3.297144],0.00012,P2WPKH
tx-rec-000385,2026-03-01T12:08:56+00:00,tx_norm_000385,"[""bc1q40mkyarwdfnj68u76tvvxzgka34rhc5n4mwcgm""]","[""bc1q57cpjc6xcdsrnqm78k8zaa7qcdxt94pezuytaa"", ""bc1qp3qrv23fgmarr4qq6yjtr65s9ws0t93ql3gdhl""]",[1.921787],"[1.644948, 0.276719]",0.00012,P2SH
tx-rec-000386,2026-03-01T12:09:30+00:00,tx_norm_000386,"[""bc1q7qtl40nqcd5n9vfd9psfthdk9adqrvprgq67ec""]","[""bc1ql7qs6mr4uy40apyeq3qn4svm4ztdfdjcvu4ynu""]",[0.467588],[0.467468],0.00012,P2SH
tx-rec-000387,2026-03-01T12:10:30+00:00,tx_norm_000387,"[""bc1qrsdel7k3js9zp4zetcys7jj25chgmjcm6zracu""]","[""bc1q3pamfqd2vdz9zy3ndtpy5mt23sdelmpydsljen""]",[1.745232],[1.745112],0.00012,P2PKH
tx-rec-000388,2026-03-01T12:11:30+00:00,tx_norm_000388,"[""bc1qpfuh30sa9k6grsk44sudu2rkz4usazgdugzs8t""]","[""bc1qvm8x5g990twp6gdlnf9v7eh8llzazp9lpr2mhw""]",[1.533731],[1.533611],0.00012,P2SH
tx-rec-000389,2026-03-01T12:11:44+00:00,tx_norm_000389,"[""bc1qkqq6y035xf3832ezmjqmyung7pta2mj862806z""]","[""bc1qcqshn6n09s6shs3mneye27d0cu7pn8qd5el6ua"", ""bc1qhjx6lr5emwjezxs9yzg5fqraqvqxn7madpznyj""]",[2.000595],"[0.858041, 1.142434]",0.00012,P2SH
tx-rec-000390,2026-03-01T12:12:25+00:00,tx_norm_000390,"[""bc1qmsk2hmhzwvhzx98l2thkjep6zqgq07lcm9k8hm""]","[""bc1qq5n6x9n9dw6eaq8nq0h58p0quzf53er4cw5ss5""]",[2.023919],[2.023799],0.00012,P2WPKH
tx-rec-000391,2026-03-01T12:13:04+00:00,tx_norm_000391,"[""bc1qdpsvrymdl7p84vdsltvzumn0xu96qac0vle5n0""]","[""bc1qapp9m5u4r444779j7qa2h7xc0pxup53jr498za""]",[3.646964],[3.646844],0.00012,P2WPKH
tx-rec-000392,2026-03-01T12:13:19+00:00,tx_norm_000392,"[""bc1qsjn93a9ck58qq3fkf7fwlqvse0dsvyfrkm88f0""]","[""bc1qarmcwzcwd7yxe8r5rl6dn2w9k2zpn0qfekh5qn""]",[0.641989],[0.641869],0.00012,P2SH
tx-rec-000393,2026-03-01T12:14:17+00:00,tx_norm_000393,"[""bc1qh4lupjq9dm3x7hw3t2kyfdqu923ayy4rk7j8n6""]","[""bc1qpxeyzck09msvuxqnskmsya6p66jefk5l9cq55c""]",[2.758471],[2.758351],0.00012,P2TR
tx-rec-000394,2026-03-01T12:15:16+00:00,tx_norm_000394,"[""bc1qrzytdt0kgppluy480wkx83uxaf5yah4w5gpryf""]","[""bc1qfy8gd02j8zd0xunt5auq5qg039ukrj4aa2ftg4""]",[0.193187],[0.193067],0.00012,P2TR
tx-rec-000395,2026-03-01T12:15:39+00:00,tx_norm_000395,"[""bc1q3p65c898syar0nq24aejwqa4xam855rmfkhkp7""]","[""bc1qcuy2s3h7uuu4s8sgr2gsjzhpacn2xj9n7wv74n""]",[2.011243],[2.011123],0.00012,P2TR
tx-rec-000396,2026-03-01T12:16:13+00:00,tx_norm_000396,"[""bc1qdtkm3azrjsu3zngpdwsn6yfx2456cqdywv9nk5""]","[""bc1qvlhg62yhue3n25laz4smt8jggvzammry77p663"", ""bc1q07cvy9nezky4z6y94frcmjel9q0xkrrpd3pccv""]",[3.231332],"[2.779351, 0.451861]",0.00012,P2WPKH
tx-rec-000397,2026-03-01T12:16:31+00:00,tx_norm_000397,"[""bc1q76dr9uxk35a9d0ne60vs8rpkejhkmcn4j3u5v7""]","[""bc1qq4s8cuyajq265qr4m7xegtq4fxulsgpy5hj2xu""]",[2.362556],[2.362436],0.00012,P2PKH
tx-rec-000398,2026-03-01T12:17:24+00:00,tx_norm_000398,"[""bc1qsw0742mq2re87v2jaurcmpca5p8a2ywxnfhzyp""]","[""bc1qvlhg62yhue3n25laz4smt8jggvzammry77p663""]",[0.557999],[0.557879],0.00012,P2SH
tx-rec-000399,2026-03-01T12:17:54+00:00,tx_norm_000399,"[""bc1q40mkyarwdfnj68u76tvvxzgka34rhc5n4mwcgm""]","[""bc1qsns7kxgq4zm86kk3zxg4uhqj9uz8kexjwv9tfx""]",[2.489315],[2.489195],0.00012,P2SH
tx-rec-000400,2026-03-01T12:18:14+00:00,tx_norm_000400,"[""bc1q7qtl40nqcd5n9vfd9psfthdk9adqrvprgq67ec""]","[""bc1qrsdel7k3js9zp4zetcys7jj25chgmjcm6zracu""]",[0.276314],[0.276194],0.00012,P2WPKH
tx-rec-000401,2026-03-01T12:18:27+00:00,tx_norm_000401,"[""bc1qgzq6mnnljnadktgd9a0uvdh0xyh0fa80dfke6r""]","[""bc1qx2fssznfzevxeppknd6kjr800apkku8d9xr4tf""]",[0.479868],[0.479748],0.00012,P2SH
tx-rec-000402,2026-03-01T12:18:45+00:00,tx_norm_000402,"[""bc1qptx4457ju9edelz8pvnvs3ek206hftlv4j27vw""]","[""bc1q0gma8qqgpxtnpxfknxu36arla4qqyjh32fc93y""]",[2.589875],[2.589755],0.00012,P2PKH
tx-rec-000403,2026-03-01T12:19:30+00:00,tx_norm_000403,"[""bc1qqfry9tkhfr9vu3w8gme0v67tcwq90y3rhsqnht""]","[""bc1qq5n6x9n9dw6eaq8nq0h58p0quzf53er4cw5ss5"", ""bc1qlsyxl4akdfehm295mq2wc8rxw0ua9hq4v5zgu9""]",[2.139357],"[1.201412, 0.937825]",0.00012,P2SH
tx-rec-000404,2026-03-01T12:20:17+00:00,tx_norm_000404,"[""bc1qptx4457ju9edelz8pvnvs3ek206hftlv4j27vw""]","[""bc1qnt3sga272xjzk9s7dsvc4dwrwezhhxjtr3mukc""]",[3.166634],[3.166514],0.00012,P2TR
tx-rec-000405,2026-03-01T12:20:31+00:00,tx_norm_000405,"[""bc1q07cvy9nezky4z6y94frcmjel9q0xkrrpd3pccv""]","[""bc1qdlyf60rpyq3643wk0es395nwa8an5u0pvchzk9""]",[3.769348],[3.769228],0.00012,P2WPKH
tx-rec-000406,2026-03-01T12:20:53+00:00,tx_norm_000406,"[""bc1qf98xgvk2zuzxv6h7e2ez9tgfyzkq5aylkr2ljv""]","[""bc1q3p65c898syar0nq24aejwqa4xam855rmfkhkp7"", ""bc1qlsyxl4akdfehm295mq2wc8rxw0ua9hq4v5zgu9""]",[3.980279],"[3.227023, 0.753136]",0.00012,P2SH
tx-rec-000407,2026-03-01T12:21:43+00:00,tx_norm_000407,"[""bc1qarmcwzcwd7yxe8r5rl6dn2w9k2zpn0qfekh5qn""]","[""bc1qdh7qdv965l8498fe5y5t6hzvjrtakleq2uhngc""]",[3.059802],[3.059682],0.00012,P2SH
tx-rec-000408,2026-03-01T12:22:21+00:00,tx_norm_000408,"[""bc1qcpe6g5m0el0n5g2e7csesu930kzdnsnsy7055p""]","[""bc1qv3fn7qh8n0ss4f6yj28vgtpzmywmrjukwrh98n""]",[3.840912],[3.840792],0.00012,P2WPKH
tx-rec-000409,2026-03-01T12:22:41+00:00,tx_norm_000409,"[""bc1qdh7qdv965l8498fe5y5t6hzvjrtakleq2uhngc""]","[""bc1qsdeljr33auxdy9m7xl9f43aytywulqylssyggl""]",[2.561701],[2.561581],0.00012,P2TR
tx-rec-000410,2026-03-01T12:23:12+00:00,tx_norm_000410,"[""bc1qmzn0uapy544k9mq7n9hwv3f90sn9rkf03wwkul""]","[""bc1qlsyxl4akdfehm295mq2wc8rxw0ua9hq4v5zgu9""]",[0.409576],[0.409456],0.00012,P2WPKH
tx-rec-000411,2026-03-01T12:23:33+00:00,tx_norm_000411,"[""bc1qh3wqjwtpm4s6zzt5fzfznu9xx3eec9gvtmjff5""]","[""bc1qldqn65772d9kcqa9vzp4ytxzv5v8qusphl9fgn""]",[1.26947],[1.26935],0.00012,P2WPKH
tx-rec-000412,2026-03-01T12:24:00+00:00,tx_norm_000412,"[""bc1qraafea5fypwmak0aflngg7hwt63jncusp8708h""]","[""bc1qvlq28a3849ndd79xnm6r6eznkpus82c97ywcne""]",[0.393969],[0.393849],0.00012,P2SH
tx-rec-000413,2026-03-01T12:24:42+00:00,tx_norm_000413,"[""bc1qmmldvmuqam354a6qjf5e6nqnzkh5cg2d05uyjh""]","[""bc1q39nkczjgm4qvnsr7g8cgf4fpd5x3u34rtklkc4""]",[2.27784],[2.27772],0.00012,P2PKH
tx-rec-000414,2026-03-01T12:25:36+00:00,tx_norm_000414,"[""bc1qvjf54hm2tj4h5muwsnjd2j8ttelrsq45h8vawf""]","[""bc1qg462atcr4s2vp6dgmw3u6ey9evtnt4q2y6fltp""]",[1.880949],[1.880829],0.00012,P2TR
tx-rec-000415,2026-03-01T12:26:19+00:00,tx_norm_000415,"[""bc1qw3j9xdyc0srrgpd3k7f79ucllhcp24tg4vg0y7""]","[""bc1qdkx904vy7ln6sdphrwean56tcnlv368ca9n9gv""]",[3.56268],[3.56256],0.00012,P2PKH
tx-rec-000416,2026-03-01T12:27:01+00:00,tx_norm_000416,"[""bc1qkqq6y035xf3832ezmjqmyung7pta2mj862806z""]","[""bc1qalldcf088rfu5rwgdak6muv5k9w330j0lelxkk"", ""bc1qsjn93a9ck58qq3fkf7fwlqvse0dsvyfrkm88f0""]",[2.740679],"[2.476096, 0.264463]",0.00012,P2SH
tx-rec-000417,2026-03-01T12:27:29+00:00,tx_norm_000417,"[""bc1qdjp9z0egr8gt50uz5udnnl9u03wg5wuc2g6lue""]","[""bc1qcqshn6n09s6shs3mneye27d0cu7pn8qd5el6ua""]",[2.732399],[2.732279],0.00012,P2TR
tx-rec-000418,2026-03-01T12:28:19+00:00,tx_norm_000418,"[""bc1qqc4dhlpfruavtj05p7s6a9uqas2u4vrvrk8tta""]","[""bc1qf98xgvk2zuzxv6h7e2ez9tgfyzkq5aylkr2ljv""]",[1.340506],[1.340386],0.00012,P2TR
tx-rec-000419,2026-03-01T12:29:00+00:00,tx_norm_000419,"[""bc1qmsk2hmhzwvhzx98l2thkjep6zqgq07lcm9k8hm""]","[""bc1qw3j9xdyc0srrgpd3k7f79ucllhcp24tg4vg0y7""]",[0.148447],[0.148327],0.00012,P2TR
tx-rec-000420,2026-03-01T12:29:47+00:00,tx_norm_000420,"[""bc1qcuy2s3h7uuu4s8sgr2gsjzhpacn2xj9n7wv74n""]","[""bc1qxvanm5sksj0c0xwua2wy3h3ss5hk9vf7kr7azn"", ""bc1qh3wqjwtpm4s6zzt5fzfznu9xx3eec9gvtmjff5""]",[2.260122],"[0.835672, 1.42433]",0.00012,P2PKH
tx-rec-000421,2026-03-01T12:30:10+00:00,tx_norm_000421,"[""bc1qc694t02thmd363mxzn2nqt58ztstg7qd5whgaq""]","[""bc1qsw0742mq2re87v2jaurcmpca5p8a2ywxnfhzyp""]",[3.088407],[3.088287],0.00012,P2WPKH
tx-rec-000422,2026-03-01T12:30:37+00:00,tx_norm_000422,"[""bc1qu02l6n2l296yml0rpa3gzv6umtu6p9rcgl8e47""]","[""bc1qcqshn6n09s6shs3mneye27d0cu7pn8qd5el6ua""]",[1.327991],[1.327871],0.00012,P2SH
tx-rec-000423,2026-03-01T12:30:59+00:00,tx_norm_000423,"[""bc1qh23xwl2xcylsqe368uewcs5zrjz2fucsyes09z""]","[""bc1qalldcf088rfu5rwgdak6muv5k9w330j0lelxkk""]",[0.188908],[0.188788],0.00012,P2WPKH
tx-rec-000424,2026-03-01T12:31:53+00:00,tx_norm_000424,"[""bc1qalldcf088rfu5rwgdak6muv5k9w330j0lelxkk""]","[""bc1qsns7kxgq4zm86kk3zxg4uhqj9uz8kexjwv9tfx""]",[0.81019],[0.81007],0.00012,P2WPKH
tx-rec-000425,2026-03-01T12:32:45+00:00,tx_norm_000425,"[""bc1qx2fssznfzevxeppknd6kjr800apkku8d9xr4tf""]","[""bc1q2xmphldtc863jfk387cd7sjzuz0pgwmmypcxye""]",[1.345253],[1.345133],0.00012,P2TR
tx-rec-000426,2026-03-01T12:33:44+00:00,tx_norm_000426,"[""bc1qv3fn7qh8n0ss4f6yj28vgtpzmywmrjukwrh98n""]","[""bc1qz5dkcg984aem8v6clcshjha0yjy7d2hwnhkvfw""]",[1.357809],[1.357689],0.00012,P2SH
tx-rec-000427,2026-03-01T12:34:09+00:00,tx_norm_000427,"[""bc1q7qtl40nqcd5n9vfd9psfthdk9adqrvprgq67ec""]","[""bc1q3pamfqd2vdz9zy3ndtpy5mt23sdelmpydsljen""]",[0.394611],[0.394491],0.00012,P2TR
tx-rec-000428,2026-03-01T12:34:34+00:00,tx_norm_000428,"[""bc1qp63vacy36erkw3mmh0y6w6477qrr9a82lu5dfa""]","[""bc1qmmldvmuqam354a6qjf5e6nqnzkh5cg2d05uyjh""]",[2.463901],[2.463781],0.00012,P2SH
tx-rec-000429,2026-03-01T12:34:55+00:00,tx_norm_000429,"[""bc1q043nzp8cyj0u83pu3xhdw9ypxh7rv778m54xpp""]","[""bc1qg462atcr4s2vp6dgmw3u6ey9evtnt4q2y6fltp""]",[1.871639],[1.871519],0.00012,P2TR
tx-rec-000430,2026-03-01T12:35:23+00:00,tx_norm_000430,"[""bc1qpxeyzck09msvuxqnskmsya6p66jefk5l9cq55c""]","[""bc1qsns7kxgq4zm86kk3zxg4uhqj9uz8kexjwv9tfx""]",[3.693661],[3.693541],0.00012,P2PKH
tx-rec-000431,2026-03-01T12:35:40+00:00,tx_norm_000431,"[""bc1qdjp9z0egr8gt50uz5udnnl9u03wg5wuc2g6lue""]","[""bc1q3pamfqd2vdz9zy3ndtpy5mt23sdelmpydsljen""]",[3.499573],[3.499453],0.00012,P2WPKH
tx-rec-000432,2026-03-01T12:36:33+00:00,tx_norm_000432,"[""bc1qd94lr8j2v8he5xvkxrfcfr93djw6tzy3gavck0""]","[""bc1qz5j0ngrn5fpv34sleyc593kmmsqvpajjra2wyh""]",[0.689177],[0.689057],0.00012,P2PKH
tx-rec-000433,2026-03-01T12:36:50+00:00,tx_norm_000433,"[""bc1qv3fn7qh8n0ss4f6yj28vgtpzmywmrjukwrh98n""]","[""bc1qsjn93a9ck58qq3fkf7fwlqvse0dsvyfrkm88f0""]",[2.741474],[2.741354],0.00012,P2TR
tx-rec-000434,2026-03-01T12:37:49+00:00,tx_norm_000434,"[""bc1qwgtnch524wcqj68ggj6dafcmtn34parpxvcl5d""]","[""bc1q0gma8qqgpxtnpxfknxu36arla4qqyjh32fc93y""]",[2.75771],[2.75759],0.00012,P2TR
tx-rec-000435,2026-03-01T12:38:02+00:00,tx_norm_000435,"[""bc1qc694t02thmd363mxzn2nqt58ztstg7qd5whgaq""]","[""bc1q3p65c898syar0nq24aejwqa4xam855rmfkhkp7""]",[0.403562],[0.403442],0.00012,P2WPKH
tx-rec-000436,2026-03-01T12:38:46+00:00,tx_norm_000436,"[""bc1q7lamglhs7ws80f8duwy0pvr4j8h2zq3xwjqdz3""]","[""bc1qraafea5fypwmak0aflngg7hwt63jncusp8708h"", ""bc1qkqq6y035xf3832ezmjqmyung7pta2mj862806z""]",[1.407353],"[1.250151, 0.157082]",0.00012,P2SH
tx-rec-000437,2026-03-01T12:39:33+00:00,tx_norm_000437,"[""bc1qt6gfp8gargkathudyzgaejyut59nvk4vvas9w5""]","[""bc1qxvanm5sksj0c0xwua2wy3h3ss5hk9vf7kr7azn""]",[1.906445],[1.906325],0.00012,P2SH
tx-rec-000438,2026-03-01T12:39:53+00:00,tx_norm_000438,"[""bc1qdkx904vy7ln6sdphrwean56tcnlv368ca9n9gv""]","[""bc1q39nkczjgm4qvnsr7g8cgf4fpd5x3u34rtklkc4""]",[1.698288],[1.698168],0.00012,P2SH
tx-rec-000439,2026-03-01T12:39:58+00:00,tx_norm_000439,"[""bc1qwm0j85fm8fp3z3jjzkehnz90tdrnsrc2ku6sgq""]","[""bc1qqjut3v20xvllqf40ctmux3v8ljeacc6j4jwdru""]",[3.71397],[3.71385],0.00012,P2TR
tx-rec-000440,2026-03-01T12:40:56+00:00,tx_norm_000440,"[""bc1qptx4457ju9edelz8pvnvs3ek206hftlv4j27vw""]","[""bc1qtcf5eshvaqtxkyk587nxv3r79pmv7srkhvcy0x""]",[2.144179],[2.144059],0.00012,P2SH
tx-rec-000441,2026-03-01T12:41:27+00:00,tx_norm_000441,"[""bc1qvm8x5g990twp6gdlnf9v7eh8llzazp9lpr2mhw""]","[""bc1q043nzp8cyj0u83pu3xhdw9ypxh7rv778m54xpp""]",[1.999027],[1.998907],0.00012,P2TR
tx-rec-000442,2026-03-01T12:42:19+00:00,tx_norm_000442,"[""bc1qwgtnch524wcqj68ggj6dafcmtn34parpxvcl5d""]","[""bc1q6ed0puz5x4f29cqpsllzpcjq4p8dpeukz2n6vv""]",[3.068806],[3.068686],0.00012,P2WPKH
tx-rec-000443,2026-03-01T12:42:51+00:00,tx_norm_000443,"[""bc1qqdg9h7kxq5ml8pjn2fq4s0kxfxwh7ycnx3lkrx""]","[""bc1q57cpjc6xcdsrnqm78k8zaa7qcdxt94pezuytaa""]",[3.465823],[3.465703],0.00012,P2WPKH
tx-rec-000444,2026-03-01T12:43:30+00:00,tx_norm_000444,"[""bc1qkqaudpzltrq0hytslrl6nmu5p2y40c5qfsxvr2""]","[""bc1q07cvy9nezky4z6y94frcmjel9q0xkrrpd3pccv"", ""bc1qdkx904vy7ln6sdphrwean56tcnlv368ca9n9gv""]",[4.947407],"[3.68886, 1.258427]",0.00012,P2SH
tx-rec-000445,2026-03-01T12:44:25+00:00,tx_norm_000445,"[""bc1qz5j0ngrn5fpv34sleyc593kmmsqvpajjra2wyh""]","[""bc1q0p6769w2m8afk2957wjnttztdkhxje6c8ws2zj""]",[0.50022],[0.5001],0.00012,P2TR
tx-rec-000446,2026-03-01T12:45:04+00:00,tx_norm_000446,"[""bc1q84rhek99gzaxh4vgwg3pvcd3kwvqxntj475t0k""]","[""bc1qcpe6g5m0el0n5g2e7csesu930kzdnsnsy7055p""]",[3.10901],[3.10889],0.00012,P2WPKH
tx-rec-000447,2026-03-01T12:45:54+00:00,tx_norm_000447,"[""bc1qapp9m5u4r444779j7qa2h7xc0pxup53jr498za""]","[""bc1qlsyxl4akdfehm295mq2wc8rxw0ua9hq4v5zgu9""]",[3.759736],[3.759616],0.00012,P2SH
tx-rec-000448,2026-03-01T12:46:28+00:00,tx_norm_000448,"[""bc1qyqemyaetupurpjnfdd67yh853v4suw2cs5e6us""]","[""bc1qdjp9z0egr8gt50uz5udnnl9u03wg5wuc2g6lue""]",[3.221899],[3.221779],0.00012,P2TR
tx-rec-000449,2026-03-01T12:47:04+00:00,tx_norm_000449,"[""bc1q0p6769w2m8afk2957wjnttztdkhxje6c8ws2zj""]","[""bc1quynh6t6rhxkn22vypsfu8q0jdmpmhh0k0j9z0u""]",[0.253729],[0.253609],0.00012,P2PKH
tx-rec-000450,2026-03-01T12:47:44+00:00,tx_norm_000450,"[""bc1qh23xwl2xcylsqe368uewcs5zrjz2fucsyes09z""]","[""bc1q7lamglhs7ws80f8duwy0pvr4j8h2zq3xwjqdz3""]",[2.505437],[2.505317],0.00012,P2TR
tx-rec-000451,2026-03-01T12:48:44+00:00,tx_norm_000451,"[""bc1qg462atcr4s2vp6dgmw3u6ey9evtnt4q2y6fltp""]","[""bc1q0gma8qqgpxtnpxfknxu36arla4qqyjh32fc93y""]",[0.250342],[0.250222],0.00012,P2WPKH
tx-rec-000452,2026-03-01T12:49:25+00:00,tx_norm_000452,"[""bc1qu857msn6shssgxlnmvn53ga92jag2u3vvmjgkt""]","[""bc1qee9f8sxtpartfv6anm9m702k649qr85hcatzgt""]",[2.803359],[2.803239],0.00012,P2TR
tx-rec-000453,2026-03-01T12:49:57+00:00,tx_norm_000453,"[""bc1qg462atcr4s2vp6dgmw3u6ey9evtnt4q2y6fltp""]","[""bc1qkaxudtg2w7jy6yk03psvf4kqzsnyr5gc32tkl8""]",[3.629987],[3.629867],0.00012,P2SH
tx-rec-000454,2026-03-01T12:50:44+00:00,tx_norm_000454,"[""bc1qh23xwl2xcylsqe368uewcs5zrjz2fucsyes09z""]","[""bc1q3pamfqd2vdz9zy3ndtpy5mt23sdelmpydsljen""]",[2.075251],[2.075131],0.00012,P2WPKH
tx-rec-000455,2026-03-01T12:51:03+00:00,tx_norm_000455,"[""bc1q7lamglhs7ws80f8duwy0pvr4j8h2zq3xwjqdz3""]","[""bc1qcqjuu9k6ndnujexjdvhhmj563n76dq48trhh76""]",[3.37322],[3.3731],0.00012,P2SH
tx-rec-000456,2026-03-01T12:51:57+00:00,tx_norm_000456,"[""bc1q4hmjzzx5vldpsys03922tjnjfq3km9aj7tkenu""]","[""bc1qarmcwzcwd7yxe8r5rl6dn2w9k2zpn0qfekh5qn""]",[2.261645],[2.261525],0.00012,P2PKH
tx-rec-000457,2026-03-01T12:52:47+00:00,tx_norm_000457,"[""bc1qpxeyzck09msvuxqnskmsya6p66jefk5l9cq55c""]","[""bc1qkqaudpzltrq0hytslrl6nmu5p2y40c5qfsxvr2""]",[2.263856],[2.263736],0.00012,P2PKH
tx-rec-000458,2026-03-01T12:53:31+00:00,tx_norm_000458,"[""bc1q55awtvw784swfm5xvztw0rcxtvt9t4vv8ugat8""]","[""bc1qz5j0ngrn5fpv34sleyc593kmmsqvpajjra2wyh"", ""bc1qrzytdt0kgppluy480wkx83uxaf5yah4w5gpryf""]",[2.044159],"[1.59572, 0.448319]",0.00012,P2SH
tx-rec-000459,2026-03-01T12:54:29+00:00,tx_norm_000459,"[""bc1qvm8x5g990twp6gdlnf9v7eh8llzazp9lpr2mhw""]","[""bc1qxvanm5sksj0c0xwua2wy3h3ss5hk9vf7kr7azn""]",[2.50209],[2.50197],0.00012,P2PKH
tx-rec-000460,2026-03-01T12:54:55+00:00,tx_norm_000460,"[""bc1qv3fn7qh8n0ss4f6yj28vgtpzmywmrjukwrh98n""]","[""bc1qcpe6g5m0el0n5g2e7csesu930kzdnsnsy7055p""]",[3.643056],[3.642936],0.00012,P2TR
tx-rec-000461,2026-03-01T12:55:51+00:00,tx_norm_000461,"[""bc1qsw0742mq2re87v2jaurcmpca5p8a2ywxnfhzyp""]","[""bc1qx6w6xzehxyxw0l4zazkhyvg746g96rtls6vwuj"", ""bc1qz5dkcg984aem8v6clcshjha0yjy7d2hwnhkvfw""]",[3.039021],"[2.682716, 0.356185]",0.00012,P2WPKH
tx-rec-000462,2026-03-01T12:56:18+00:00,tx_norm_000462,"[""bc1qn5hzcqnvvvecqsv23nxzrf4nvgqw2tad5jlt63""]","[""bc1q6ed0puz5x4f29cqpsllzpcjq4p8dpeukz2n6vv"", ""bc1qv3fn7qh8n0ss4f6yj28vgtpzmywmrjukwrh98n""]",[2.018251],"[1.659738, 0.358393]",0.00012,P2TR
tx-rec-000463,2026-03-01T12:56:35+00:00,tx_norm_000463,"[""bc1qdpsvrymdl7p84vdsltvzumn0xu96qac0vle5n0""]","[""bc1qkqaudpzltrq0hytslrl6nmu5p2y40c5qfsxvr2""]",[3.794891],[3.794771],0.00012,P2WPKH
tx-rec-000464,2026-03-01T12:57:08+00:00,tx_norm_000464,"[""bc1qpxeyzck09msvuxqnskmsya6p66jefk5l9cq55c""]","[""bc1qsjn93a9ck58qq3fkf7fwlqvse0dsvyfrkm88f0"", ""bc1qezy2mxy8lx5r8z6w3qnwg983940erzwhek4hvn""]",[2.204651],"[2.01927, 0.185261]",0.00012,P2PKH
tx-rec-000465,2026-03-01T12:57:56+00:00,tx_norm_000465,"[""bc1qqdg9h7kxq5ml8pjn2fq4s0kxfxwh7ycnx3lkrx""]","[""bc1qsjn93a9ck58qq3fkf7fwlqvse0dsvyfrkm88f0""]",[0.653053],[0.652933],0.00012,P2PKH
tx-rec-000466,2026-03-01T12:58:01+00:00,tx_norm_000466,"[""bc1qdtkm3azrjsu3zngpdwsn6yfx2456cqdywv9nk5""]","[""bc1q8sv3gq3l2kjl5cj47l3jtgjg2gtreurl2d3zx3""]",[1.182705],[1.182585],0.00012,P2WPKH
tx-rec-000467,2026-03-01T12:59:00+00:00,tx_norm_000467,"[""bc1q55awtvw784swfm5xvztw0rcxtvt9t4vv8ugat8""]","[""bc1qvm8x5g990twp6gdlnf9v7eh8llzazp9lpr2mhw""]",[0.729834],[0.729714],0.00012,P2SH
tx-rec-000468,2026-03-01T12:59:39+00:00,tx_norm_000468,"[""bc1q0v5596p00t8c62rjrhsj4jy2tvjgy2hephx33m""]","[""bc1qkqaudpzltrq0hytslrl6nmu5p2y40c5qfsxvr2""]",[0.377953],[0.377833],0.00012,P2SH
tx-rec-000469,2026-03-01T13:00:22+00:00,tx_norm_000469,"[""bc1qqdg9h7kxq5ml8pjn2fq4s0kxfxwh7ycnx3lkrx""]","[""bc1qdjp9z0egr8gt50uz5udnnl9u03wg5wuc2g6lue""]",[0.685409],[0.685289],0.00012,P2SH
tx-rec-000470,2026-03-01T13:00:59+00:00,tx_norm_000470,"[""bc1qulyzp92shnx6lnh3dcpvcqayukgcczejzpkf7d""]","[""bc1qvjf54hm2tj4h5muwsnjd2j8ttelrsq45h8vawf"", ""bc1qgj48cl883n8wv38p75xlhtt74ffgrpz4ecv87g""]",[4.563568],"[3.154038, 1.40941]",0.00012,P2PKH
tx-rec-000471,2026-03-01T13:01:55+00:00,tx_norm_000471,"[""bc1qh4lupjq9dm3x7hw3t2kyfdqu923ayy4rk7j8n6""]","[""bc1q3pamfqd2vdz9zy3ndtpy5mt23sdelmpydsljen"", ""bc1qarmcwzcwd7yxe8r5rl6dn2w9k2zpn0qfekh5qn""]",[3.952903],"[3.6002, 0.352583]",0.00012,P2SH
tx-rec-000472,2026-03-01T13:02:06+00:00,tx_norm_000472,"[""bc1qmmldvmuqam354a6qjf5e6nqnzkh5cg2d05uyjh""]","[""bc1qatmdnmprpunwnaglr3ar65kzjxu9uhtrc4y5yv""]",[2.32559],[2.32547],0.00012,P2WPKH
tx-rec-000473,2026-03-01T13:02:40+00:00,tx_norm_000473,"[""bc1q76dr9uxk35a9d0ne60vs8rpkejhkmcn4j3u5v7""]","[""bc1qrqae6lyvnp9f0ss0xnm09taynfed9gpue4jpud""]",[2.112105],[2.111985],0.00012,P2TR
tx-rec-000474,2026-03-01T13:02:52+00:00,tx_norm_000474,"[""bc1qnma43znv9qwa5swttmpprnz9fe2ql7r8ktxpjv""]","[""bc1qp3qrv23fgmarr4qq6yjtr65s9ws0t93ql3gdhl"", ""bc1q0gma8qqgpxtnpxfknxu36arla4qqyjh32fc93y""]",[0.692059],"[0.256707, 0.435232]",0.00012,P2TR
tx-rec-000475,2026-03-01T13:03:09+00:00,tx_norm_000475,"[""bc1qalldcf088rfu5rwgdak6muv5k9w330j0lelxkk""]","[""bc1qx2fssznfzevxeppknd6kjr800apkku8d9xr4tf"", ""bc1qh4lupjq9dm3x7hw3t2kyfdqu923ayy4rk7j8n6""]",[0.937628],"[0.164915, 0.772593]",0.00012,P2PKH
tx-rec-000476,2026-03-01T13:04:08+00:00,tx_norm_000476,"[""bc1qw3j9xdyc0srrgpd3k7f79ucllhcp24tg4vg0y7""]","[""bc1qv3fn7qh8n0ss4f6yj28vgtpzmywmrjukwrh98n""]",[2.556326],[2.556206],0.00012,P2TR
tx-rec-000477,2026-03-01T13:05:01+00:00,tx_norm_000477,"[""bc1q4hmjzzx5vldpsys03922tjnjfq3km9aj7tkenu""]","[""bc1qfn77ursvuj6aj5vw07uu8gxq9ujn40dm6vld6w""]",[0.777704],[0.777584],0.00012,P2TR
tx-rec-000478,2026-03-01T13:05:54+00:00,tx_norm_000478,"[""bc1qrzytdt0kgppluy480wkx83uxaf5yah4w5gpryf""]","[""bc1qnt3sga272xjzk9s7dsvc4dwrwezhhxjtr3mukc""]",[3.635751],[3.635631],0.00012,P2TR
tx-rec-000479,2026-03-01T13:06:23+00:00,tx_norm_000479,"[""bc1qraafea5fypwmak0aflngg7hwt63jncusp8708h""]","[""bc1qmmldvmuqam354a6qjf5e6nqnzkh5cg2d05uyjh"", ""bc1q45u3lfy89ctqrc937sl56gfky7a946puq2uc38""]",[0.874508],"[0.096642, 0.777746]",0.00012,P2TR
tx-rec-000480,2026-03-01T13:06:47+00:00,tx_norm_000480,"[""bc1qmmldvmuqam354a6qjf5e6nqnzkh5cg2d05uyjh""]","[""bc1qalldcf088rfu5rwgdak6muv5k9w330j0lelxkk""]",[2.968618],[2.968498],0.00012,P2PKH
tx-rec-000481,2026-03-01T13:07:25+00:00,tx_norm_000481,"[""bc1q7qtl40nqcd5n9vfd9psfthdk9adqrvprgq67ec""]","[""bc1qf98xgvk2zuzxv6h7e2ez9tgfyzkq5aylkr2ljv"", ""bc1qcuy2s3h7uuu4s8sgr2gsjzhpacn2xj9n7wv74n""]",[1.650741],"[0.728163, 0.922458]",0.00012,P2SH
tx-rec-000482,2026-03-01T13:08:11+00:00,tx_norm_000482,"[""bc1q84rhek99gzaxh4vgwg3pvcd3kwvqxntj475t0k""]","[""bc1qqc4dhlpfruavtj05p7s6a9uqas2u4vrvrk8tta"", ""bc1qnt3sga272xjzk9s7dsvc4dwrwezhhxjtr3mukc""]",[0.828373],"[0.189391, 0.638862]",0.00012,P2WPKH
tx-rec-000483,2026-03-01T13:08:50+00:00,tx_norm_000483,"[""bc1q6y36mp84w8mmfljx7q8epacs3gzz379xwwd6uq""]","[""bc1q7qtl40nqcd5n9vfd9psfthdk9adqrvprgq67ec""]",[3.178761],[3.178641],0.00012,P2SH
tx-rec-000484,2026-03-01T13:09:27+00:00,tx_norm_000484,"[""bc1qqdg9h7kxq5ml8pjn2fq4s0kxfxwh7ycnx3lkrx""]","[""bc1qarmcwzcwd7yxe8r5rl6dn2w9k2zpn0qfekh5qn""]",[2.693479],[2.693359],0.00012,P2PKH
tx-rec-000485,2026-03-01T13:10:01+00:00,tx_norm_000485,"[""bc1qvm8x5g990twp6gdlnf9v7eh8llzazp9lpr2mhw""]","[""bc1qee9f8sxtpartfv6anm9m702k649qr85hcatzgt""]",[0.857046],[0.856926],0.00012,P2SH
tx-rec-000486,2026-03-01T13:10:37+00:00,tx_norm_000486,"[""bc1qr5f4hfy2dgyv4pkzde74vgpnm0t85l3s77vc5w""]","[""bc1qdjp9z0egr8gt50uz5udnnl9u03wg5wuc2g6lue"", ""bc1q3p65c898syar0nq24aejwqa4xam855rmfkhkp7""]",[2.855981],"[2.467419, 0.388442]",0.00012,P2PKH
tx-rec-000487,2026-03-01T13:11:00+00:00,tx_norm_000487,"[""bc1qn098rpw3f07j07nk8lt0tqc5yc34vmtrkzekum""]","[""bc1qcuy2s3h7uuu4s8sgr2gsjzhpacn2xj9n7wv74n""]",[0.929409],[0.929289],0.00012,P2WPKH
tx-rec-000488,2026-03-01T13:11:16+00:00,tx_norm_000488,"[""bc1q3p65c898syar0nq24aejwqa4xam855rmfkhkp7""]","[""bc1q7qtl40nqcd5n9vfd9psfthdk9adqrvprgq67ec""]",[0.88321],[0.88309],0.00012,P2TR
tx-rec-000489,2026-03-01T13:11:23+00:00,tx_norm_000489,"[""bc1qulyzp92shnx6lnh3dcpvcqayukgcczejzpkf7d""]","[""bc1q0gma8qqgpxtnpxfknxu36arla4qqyjh32fc93y""]",[2.30732],[2.3072],0.00012,P2WPKH
tx-rec-000490,2026-03-01T13:11:55+00:00,tx_norm_000490,"[""bc1qcqshn6n09s6shs3mneye27d0cu7pn8qd5el6ua""]","[""bc1q45u3lfy89ctqrc937sl56gfky7a946puq2uc38""]",[2.735733],[2.735613],0.00012,P2WPKH
tx-rec-000491,2026-03-01T13:12:13+00:00,tx_norm_000491,"[""bc1qdkx904vy7ln6sdphrwean56tcnlv368ca9n9gv""]","[""bc1qfn77ursvuj6aj5vw07uu8gxq9ujn40dm6vld6w"", ""bc1qapp9m5u4r444779j7qa2h7xc0pxup53jr498za""]",[2.951794],"[2.837356, 0.114318]",0.00012,P2TR
tx-rec-000492,2026-03-01T13:12:42+00:00,tx_norm_000492,"[""bc1qt6gfp8gargkathudyzgaejyut59nvk4vvas9w5""]","[""bc1qsdeljr33auxdy9m7xl9f43aytywulqylssyggl""]",[3.469756],[3.469636],0.00012,P2TR
tx-rec-000493,2026-03-01T13:13:03+00:00,tx_norm_000493,"[""bc1qszz4p9ux2z8vtduv6ltqx0qyll7zwhah388j0x""]","[""bc1qvlq28a3849ndd79xnm6r6eznkpus82c97ywcne""]",[2.414155],[2.414035],0.00012,P2TR
tx-rec-000494,2026-03-01T13:13:16+00:00,tx_norm_000494,"[""bc1qrqae6lyvnp9f0ss0xnm09taynfed9gpue4jpud""]","[""bc1qapp9m5u4r444779j7qa2h7xc0pxup53jr498za""]",[0.862457],[0.862337],0.00012,P2PKH
tx-rec-000495,2026-03-01T13:13:31+00:00,tx_norm_000495,"[""bc1qee9f8sxtpartfv6anm9m702k649qr85hcatzgt""]","[""bc1qalldcf088rfu5rwgdak6muv5k9w330j0lelxkk"", ""bc1qdtkm3azrjsu3zngpdwsn6yfx2456cqdywv9nk5""]",[2.217857],"[1.883424, 0.334313]",0.00012,P2WPKH
tx-rec-000496,2026-03-01T13:14:19+00:00,tx_norm_000496,"[""bc1q6ed0puz5x4f29cqpsllzpcjq4p8dpeukz2n6vv""]","[""bc1qarmcwzcwd7yxe8r5rl6dn2w9k2zpn0qfekh5qn""]",[1.536216],[1.536096],0.00012,P2WPKH
tx-rec-000497,2026-03-01T13:15:18+00:00,tx_norm_000497,"[""bc1q7lamglhs7ws80f8duwy0pvr4j8h2zq3xwjqdz3""]","[""bc1qwgtnch524wcqj68ggj6dafcmtn34parpxvcl5d"", ""bc1qkqq6y035xf3832ezmjqmyung7pta2mj862806z""]",[1.762111],"[0.422152, 1.339839]",0.00012,P2SH
tx-rec-000498,2026-03-01T13:15:28+00:00,tx_norm_000498,"[""bc1qd94lr8j2v8he5xvkxrfcfr93djw6tzy3gavck0""]","[""bc1q043nzp8cyj0u83pu3xhdw9ypxh7rv778m54xpp"", ""bc1qgj48cl883n8wv38p75xlhtt74ffgrpz4ecv87g""]",[2.676344],"[1.919684, 0.75654]",0.00012,P2PKH
tx-rec-000499,2026-03-01T13:15:40+00:00,tx_norm_000499,"[""bc1qdpsvrymdl7p84vdsltvzumn0xu96qac0vle5n0""]","[""bc1qgj48cl883n8wv38p75xlhtt74ffgrpz4ecv87g"", ""bc1q9enf0pknmslq3x4ta3sgephk5etky5pxtrdykk""]",[4.279433],"[3.208249, 1.071064]",0.00012,P2PKH
tx-rec-000500,2026-03-01T13:16:00+00:00,tx_norm_000500,"[""bc1quynh6t6rhxkn22vypsfu8q0jdmpmhh0k0j9z0u""]","[""bc1qp63vacy36erkw3mmh0y6w6477qrr9a82lu5dfa""]",[1.431238],[1.431118],0.00012,P2TR
tx-rec-000501,2026-03-01T13:16:43+00:00,tx_norm_000501,"[""bc1qkaxudtg2w7jy6yk03psvf4kqzsnyr5gc32tkl8""]","[""bc1qf98xgvk2zuzxv6h7e2ez9tgfyzkq5aylkr2ljv""]",[2.553881],[2.553761],0.00012,P2SH
tx-rec-000502,2026-03-01T13:17:37+00:00,tx_norm_000502,"[""bc1qr5f4hfy2dgyv4pkzde74vgpnm0t85l3s77vc5w""]","[""bc1qq4s8cuyajq265qr4m7xegtq4fxulsgpy5hj2xu""]",[1.227527],[1.227407],0.00012,P2SH
tx-rec-000503,2026-03-01T13:18:03+00:00,tx_norm_000503,"[""bc1qmsk2hmhzwvhzx98l2thkjep6zqgq07lcm9k8hm""]","[""bc1qu857msn6shssgxlnmvn53ga92jag2u3vvmjgkt""]",[3.549594],[3.549474],0.00012,P2SH
tx-rec-000504,2026-03-01T13:18:49+00:00,tx_norm_000504,"[""bc1qmzn0uapy544k9mq7n9hwv3f90sn9rkf03wwkul""]","[""bc1qx2fssznfzevxeppknd6kjr800apkku8d9xr4tf""]",[1.466352],[1.466232],0.00012,P2PKH
tx-rec-000505,2026-03-01T13:19:08+00:00,tx_norm_000505,"[""bc1qvm8x5g990twp6gdlnf9v7eh8llzazp9lpr2mhw""]","[""bc1qh3wqjwtpm4s6zzt5fzfznu9xx3eec9gvtmjff5""]",[0.752354],[0.752234],0.00012,P2TR
tx-rec-000506,2026-03-01T13:19:14+00:00,tx_norm_000506,"[""bc1qdh7qdv965l8498fe5y5t6hzvjrtakleq2uhngc""]","[""bc1qptx4457ju9edelz8pvnvs3ek206hftlv4j27vw"", ""bc1qz5j0ngrn5fpv34sleyc593kmmsqvpajjra2wyh""]",[0.774826],"[0.271777, 0.502929]",0.00012,P2SH
tx-rec-000507,2026-03-01T13:19:28+00:00,tx_norm_000507,"[""bc1qp3qrv23fgmarr4qq6yjtr65s9ws0t93ql3gdhl""]","[""bc1q84rhek99gzaxh4vgwg3pvcd3kwvqxntj475t0k""]",[0.223182],[0.223062],0.00012,P2TR
tx-rec-000508,2026-03-01T13:20:06+00:00,tx_norm_000508,"[""bc1qz5j0ngrn5fpv34sleyc593kmmsqvpajjra2wyh""]","[""bc1qxg98k9lwe8zj324ntf3ezjzv0rpk9n4fgyw9j6"", ""bc1qakj6y5prmulu02nlnsfnhnayhtpa32gh7mcqrv""]",[3.002105],"[2.383464, 0.618521]",0.00012,P2SH
tx-rec-000509,2026-03-01T13:20:17+00:00,tx_norm_000509,"[""bc1qcqshn6n09s6shs3mneye27d0cu7pn8qd5el6ua""]","[""bc1qdpsvrymdl7p84vdsltvzumn0xu96qac0vle5n0"", ""bc1qmzn0uapy544k9mq7n9hwv3f90sn9rkf03wwkul""]",[1.267],"[0.027692, 1.239188]",0.00012,P2PKH
tx-rec-000510,2026-03-01T13:21:16+00:00,tx_norm_000510,"[""bc1q39nkczjgm4qvnsr7g8cgf4fpd5x3u34rtklkc4""]","[""bc1qkaxudtg2w7jy6yk03psvf4kqzsnyr5gc32tkl8""]",[2.420882],[2.420762],0.00012,P2PKH
tx-rec-000511,2026-03-01T13:21:22+00:00,tx_norm_000511,"[""bc1qfn77ursvuj6aj5vw07uu8gxq9ujn40dm6vld6w""]","[""bc1q7qtl40nqcd5n9vfd9psfthdk9adqrvprgq67ec""]",[3.50719],[3.50707],0.00012,P2TR
tx-rec-000512,2026-03-01T13:21:45+00:00,tx_norm_000512,"[""bc1qcqshn6n09s6shs3mneye27d0cu7pn8qd5el6ua""]","[""bc1qezy2mxy8lx5r8z6w3qnwg983940erzwhek4hvn""]",[1.49224],[1.49212],0.00012,P2SH
tx-rec-000513,2026-03-01T13:22:33+00:00,tx_norm_000513,"[""bc1qcat4vnp6z866ky8e6nf0m7leq7st34v6cg9vjn""]","[""bc1qp63vacy36erkw3mmh0y6w6477qrr9a82lu5dfa""]",[0.966533],[0.966413],0.00012,P2TR
tx-rec-000514,2026-03-01T13:23:08+00:00,tx_norm_000514,"[""bc1qc694t02thmd363mxzn2nqt58ztstg7qd5whgaq""]","[""bc1qee9f8sxtpartfv6anm9m702k649qr85hcatzgt""]",[0.593935],[0.593815],0.00012,P2WPKH
tx-rec-000515,2026-03-01T13:23:27+00:00,tx_norm_000515,"[""bc1q0gma8qqgpxtnpxfknxu36arla4qqyjh32fc93y""]","[""bc1qwm0j85fm8fp3z3jjzkehnz90tdrnsrc2ku6sgq"", ""bc1qx2fssznfzevxeppknd6kjr800apkku8d9xr4tf""]",[3.95354],"[2.454623, 1.498797]",0.00012,P2SH
tx-rec-000516,2026-03-01T13:23:55+00:00,tx_norm_000516,"[""bc1qhjx6lr5emwjezxs9yzg5fqraqvqxn7madpznyj""]","[""bc1qxg98k9lwe8zj324ntf3ezjzv0rpk9n4fgyw9j6"", ""bc1q6y36mp84w8mmfljx7q8epacs3gzz379xwwd6uq""]",[2.409052],"[1.665027, 0.743905]",0.00012,P2SH
tx-rec-000517,2026-03-01T13:24:25+00:00,tx_norm_000517,"[""bc1q38qalhjfrcq99474ks67hrzja47860k9zkq5vh""]","[""bc1qsdeljr33auxdy9m7xl9f43aytywulqylssyggl"", ""bc1qsw0742mq2re87v2jaurcmpca5p8a2ywxnfhzyp""]",[3.103609],"[2.413892, 0.689597]",0.00012,P2TR
tx-rec-000518,2026-03-01T13:24:59+00:00,tx_norm_000518,"[""bc1qq4s8cuyajq265qr4m7xegtq4fxulsgpy5hj2xu""]","[""bc1qh23xwl2xcylsqe368uewcs5zrjz2fucsyes09z""]",[1.711888],[1.711768],0.00012,P2WPKH
tx-rec-000519,2026-03-01T13:25:25+00:00,tx_norm_000519,"[""bc1qdtkm3azrjsu3zngpdwsn6yfx2456cqdywv9nk5""]","[""bc1quw6459ts6pc3dratc9avhvly3wjvea2v57flxg""]",[1.538825],[1.538705],0.00012,P2SH
tx-rec-000520,2026-03-01T13:25:45+00:00,tx_norm_000520,"[""bc1q0v5596p00t8c62rjrhsj4jy2tvjgy2hephx33m""]","[""bc1qv3h8z28ne8gtgvg4hn4fk03mmaj7pyd28gkmhp"", ""bc1qdlyf60rpyq3643wk0es395nwa8an5u0pvchzk9""]",[1.860411],"[0.739261, 1.12103]",0.00012,P2WPKH
tx-rec-000521,2026-03-01T13:26:19+00:00,tx_norm_000521,"[""bc1qp3qrv23fgmarr4qq6yjtr65s9ws0t93ql3gdhl""]","[""bc1qdh7qdv965l8498fe5y5t6hzvjrtakleq2uhngc""]",[2.94261],[2.94249],0.00012,P2WPKH
tx-rec-000522,2026-03-01T13:26:37+00:00,tx_norm_000522,"[""bc1q8sv3gq3l2kjl5cj47l3jtgjg2gtreurl2d3zx3""]","[""bc1q0gma8qqgpxtnpxfknxu36arla4qqyjh32fc93y""]",[1.813164],[1.813044],0.00012,P2TR
tx-rec-000523,2026-03-01T13:27:01+00:00,tx_norm_000523,"[""bc1qee9f8sxtpartfv6anm9m702k649qr85hcatzgt""]","[""bc1q7qtl40nqcd5n9vfd9psfthdk9adqrvprgq67ec""]",[3.679913],[3.679793],0.00012,P2TR
tx-rec-000524,2026-03-01T13:27:09+00:00,tx_norm_000524,"[""bc1qrzytdt0kgppluy480wkx83uxaf5yah4w5gpryf""]","[""bc1q39nkczjgm4qvnsr7g8cgf4fpd5x3u34rtklkc4""]",[1.303512],[1.303392],0.00012,P2TR
tx-rec-000525,2026-03-01T13:27:47+00:00,tx_norm_000525,"[""bc1quynh6t6rhxkn22vypsfu8q0jdmpmhh0k0j9z0u""]","[""bc1qvm8x5g990twp6gdlnf9v7eh8llzazp9lpr2mhw"", ""bc1q0v5596p00t8c62rjrhsj4jy2tvjgy2hephx33m""]",[4.27208],"[3.631601, 0.640359]",0.00012,P2SH
tx-rec-000526,2026-03-01T13:28:09+00:00,tx_norm_000526,"[""bc1qqc4dhlpfruavtj05p7s6a9uqas2u4vrvrk8tta""]","[""bc1qcqshn6n09s6shs3mneye27d0cu7pn8qd5el6ua"", ""bc1qx2fssznfzevxeppknd6kjr800apkku8d9xr4tf""]",[3.076352],"[2.171135, 0.905097]",0.00012,P2SH
tx-rec-000527,2026-03-01T13:28:23+00:00,tx_norm_000527,"[""bc1qsw0742mq2re87v2jaurcmpca5p8a2ywxnfhzyp""]","[""bc1q84rhek99gzaxh4vgwg3pvcd3kwvqxntj475t0k""]",[1.806809],[1.806689],0.00012,P2SH
tx-rec-000528,2026-03-01T13:29:16+00:00,tx_norm_000528,"[""bc1qh4lupjq9dm3x7hw3t2kyfdqu923ayy4rk7j8n6""]","[""bc1qcat4vnp6z866ky8e6nf0m7leq7st34v6cg9vjn""]",[1.220965],[1.220845],0.00012,P2PKH
tx-rec-000529,2026-03-01T13:30:04+00:00,tx_norm_000529,"[""bc1qsjn93a9ck58qq3fkf7fwlqvse0dsvyfrkm88f0""]","[""bc1qalldcf088rfu5rwgdak6muv5k9w330j0lelxkk"", ""bc1qh4lupjq9dm3x7hw3t2kyfdqu923ayy4rk7j8n6""]",[1.563575],"[0.256306, 1.307149]",0.00012,P2PKH
tx-rec-000530,2026-03-01T13:30:30+00:00,tx_norm_000530,"[""bc1q043nzp8cyj0u83pu3xhdw9ypxh7rv778m54xpp""]","[""bc1qv3fn7qh8n0ss4f6yj28vgtpzmywmrjukwrh98n""]",[1.209735],[1.209615],0.00012,P2SH
tx-rec-000531,2026-03-01T13:31:22+00:00,tx_norm_000531,"[""bc1qulyzp92shnx6lnh3dcpvcqayukgcczejzpkf7d""]","[""bc1q39nkczjgm4qvnsr7g8cgf4fpd5x3u34rtklkc4"", ""bc1qh3wqjwtpm4s6zzt5fzfznu9xx3eec9gvtmjff5""]",[2.560639],"[1.187575, 1.372944]",0.00012,P2TR
tx-rec-000532,2026-03-01T13:31:57+00:00,tx_norm_000532,"[""bc1qz5dkcg984aem8v6clcshjha0yjy7d2hwnhkvfw""]","[""bc1q6ed0puz5x4f29cqpsllzpcjq4p8dpeukz2n6vv""]",[0.678833],[0.678713],0.00012,P2SH
tx-rec-000533,2026-03-01T13:32:11+00:00,tx_norm_000533,"[""bc1qsns7kxgq4zm86kk3zxg4uhqj9uz8kexjwv9tfx""]","[""bc1qy4zh8m7xksekd9jh4zhuxdfl859xlf5ceuhnp9""]",[0.460524],[0.460404],0.00012,P2TR
tx-rec-000534,2026-03-01T13:32:26+00:00,tx_norm_000534,"[""bc1qd94lr8j2v8he5xvkxrfcfr93djw6tzy3gavck0""]","[""bc1qp3qrv23fgmarr4qq6yjtr65s9ws0t93ql3gdhl""]",[2.422404],[2.422284],0.00012,P2WPKH
tx-rec-000535,2026-03-01T13:33:15+00:00,tx_norm_000535,"[""bc1qsdeljr33auxdy9m7xl9f43aytywulqylssyggl""]","[""bc1qcuy2s3h7uuu4s8sgr2gsjzhpacn2xj9n7wv74n"", ""bc1q0gma8qqgpxtnpxfknxu36arla4qqyjh32fc93y""]",[2.336883],"[0.963904, 1.372859]",0.00012,P2PKH
tx-rec-000536,2026-03-01T13:34:08+00:00,tx_norm_000536,"[""bc1qf98xgvk2zuzxv6h7e2ez9tgfyzkq5aylkr2ljv""]","[""bc1q0gma8qqgpxtnpxfknxu36arla4qqyjh32fc93y""]",[3.389611],[3.389491],0.00012,P2TR
tx-rec-000537,2026-03-01T13:34:23+00:00,tx_norm_000537,"[""bc1qkaxudtg2w7jy6yk03psvf4kqzsnyr5gc32tkl8""]","[""bc1qxg98k9lwe8zj324ntf3ezjzv0rpk9n4fgyw9j6""]",[2.258964],[2.258844],0.00012,P2WPKH
tx-rec-000538,2026-03-01T13:34:56+00:00,tx_norm_000538,"[""bc1qdjp9z0egr8gt50uz5udnnl9u03wg5wuc2g6lue""]","[""bc1q45u3lfy89ctqrc937sl56gfky7a946puq2uc38""]",[0.70427],[0.70415],0.00012,P2TR
tx-rec-000539,2026-03-01T13:35:43+00:00,tx_norm_000539,"[""bc1q7lamglhs7ws80f8duwy0pvr4j8h2zq3xwjqdz3""]","[""bc1qrsdel7k3js9zp4zetcys7jj25chgmjcm6zracu""]",[3.410267],[3.410147],0.00012,P2WPKH
tx-rec-000540,2026-03-01T13:35:52+00:00,tx_norm_000540,"[""bc1qn5hzcqnvvvecqsv23nxzrf4nvgqw2tad5jlt63""]","[""bc1qvlhg62yhue3n25laz4smt8jggvzammry77p663""]",[2.40452],[2.4044],0.00012,P2SH
tx-rec-000541,2026-03-01T13:36:04+00:00,tx_norm_000541,"[""bc1qh4lupjq9dm3x7hw3t2kyfdqu923ayy4rk7j8n6""]","[""bc1qalldcf088rfu5rwgdak6muv5k9w330j0lelxkk"", ""bc1qh3wqjwtpm4s6zzt5fzfznu9xx3eec9gvtmjff5""]",[4.246891],"[3.697793, 0.548978]",0.00012,P2PKH
tx-rec-000542,2026-03-01T13:36:31+00:00,tx_norm_000542,"[""bc1q75qxvc0lxsvvydye4a56ytyn6yqxt8l6aq5ryy""]","[""bc1qcqjuu9k6ndnujexjdvhhmj563n76dq48trhh76""]",[1.907433],[1.907313],0.00012,P2TR
tx-rec-000543,2026-03-01T13:36:46+00:00,tx_norm_000543,"[""bc1q57cpjc6xcdsrnqm78k8zaa7qcdxt94pezuytaa""]","[""bc1q043nzp8cyj0u83pu3xhdw9ypxh7rv778m54xpp""]",[0.976812],[0.976692],0.00012,P2PKH
tx-rec-000544,2026-03-01T13:37:22+00:00,tx_norm_000544,"[""bc1q84rhek99gzaxh4vgwg3pvcd3kwvqxntj475t0k""]","[""bc1qcuy2s3h7uuu4s8sgr2gsjzhpacn2xj9n7wv74n""]",[0.646781],[0.646661],0.00012,P2WPKH
tx-rec-000545,2026-03-01T13:37:43+00:00,tx_norm_000545,"[""bc1qh23xwl2xcylsqe368uewcs5zrjz2fucsyes09z""]","[""bc1quynh6t6rhxkn22vypsfu8q0jdmpmhh0k0j9z0u"", ""bc1q9enf0pknmslq3x4ta3sgephk5etky5pxtrdykk""]",[2.322247],"[1.302756, 1.019371]",0.00012,P2PKH
tx-rec-000546,2026-03-01T13:38:09+00:00,tx_norm_000546,"[""bc1qp3qrv23fgmarr4qq6yjtr65s9ws0t93ql3gdhl""]","[""bc1qgj48cl883n8wv38p75xlhtt74ffgrpz4ecv87g""]",[0.507469],[0.507349],0.00012,P2PKH
tx-rec-000547,2026-03-01T13:39:01+00:00,tx_norm_000547,"[""bc1q45u3lfy89ctqrc937sl56gfky7a946puq2uc38""]","[""bc1qxg98k9lwe8zj324ntf3ezjzv0rpk9n4fgyw9j6"", ""bc1q3spdn2zpesyf09jjllgesljd04fy4y5ag7hhgq""]",[1.801066],"[1.168922, 0.632024]",0.00012,P2PKH
tx-rec-000548,2026-03-01T13:39:50+00:00,tx_norm_000548,"[""bc1quw6459ts6pc3dratc9avhvly3wjvea2v57flxg""]","[""bc1qyqemyaetupurpjnfdd67yh853v4suw2cs5e6us""]",[2.684532],[2.684412],0.00012,P2TR
tx-rec-000549,2026-03-01T13:40:21+00:00,tx_norm_000549,"[""bc1qg462atcr4s2vp6dgmw3u6ey9evtnt4q2y6fltp""]","[""bc1qz5dkcg984aem8v6clcshjha0yjy7d2hwnhkvfw""]",[0.513968],[0.513848],0.00012,P2WPKH
tx-rec-000550,2026-03-01T13:41:01+00:00,tx_norm_000550,"[""bc1qatmdnmprpunwnaglr3ar65kzjxu9uhtrc4y5yv""]","[""bc1qmmldvmuqam354a6qjf5e6nqnzkh5cg2d05uyjh"", ""bc1qhdyfpp3mtq35qnrc40ad956gkf0d3mceae3wwz""]",[2.474317],"[1.08791, 1.386287]",0.00012,P2PKH
tx-rec-000551,2026-03-01T13:41:57+00:00,tx_norm_000551,"[""bc1qnma43znv9qwa5swttmpprnz9fe2ql7r8ktxpjv""]","[""bc1qc694t02thmd363mxzn2nqt58ztstg7qd5whgaq""]",[1.230191],[1.230071],0.00012,P2PKH
tx-rec-000552,2026-03-01T13:42:03+00:00,tx_norm_000552,"[""bc1qcqjuu9k6ndnujexjdvhhmj563n76dq48trhh76""]","[""bc1q38qalhjfrcq99474ks67hrzja47860k9zkq5vh"", ""bc1q07cvy9nezky4z6y94frcmjel9q0xkrrpd3pccv""]",[3.453011],"[3.104941, 0.34795]",0.00012,P2PKH
tx-rec-000553,2026-03-01T13:42:17+00:00,tx_norm_000553,"[""bc1q45u3lfy89ctqrc937sl56gfky7a946puq2uc38""]","[""bc1qcqjuu9k6ndnujexjdvhhmj563n76dq48trhh76"", ""bc1q07cvy9nezky4z6y94frcmjel9q0xkrrpd3pccv""]",[1.029678],"[0.916055, 0.113503]",0.00012,P2PKH
tx-rec-000554,2026-03-01T13:43:09+00:00,tx_norm_000554,"[""bc1qcqjuu9k6ndnujexjdvhhmj563n76dq48trhh76""]","[""bc1qz5dkcg984aem8v6clcshjha0yjy7d2hwnhkvfw""]",[3.350884],[3.350764],0.00012,P2SH
tx-rec-000555,2026-03-01T13:43:51+00:00,tx_norm_000555,"[""bc1qpm706a3vaehp3k6wdg9g892sp3dkzlkuufkvhw""]","[""bc1qdkx904vy7ln6sdphrwean56tcnlv368ca9n9gv""]",[3.731347],[3.731227],0.00012,P2WPKH
tx-rec-000556,2026-03-01T13:44:46+00:00,tx_norm_000556,"[""bc1qnma43znv9qwa5swttmpprnz9fe2ql7r8ktxpjv""]","[""bc1qcpe6g5m0el0n5g2e7csesu930kzdnsnsy7055p"", ""bc1q0gma8qqgpxtnpxfknxu36arla4qqyjh32fc93y""]",[2.739763],"[2.360313, 0.37933]",0.00012,P2PKH
tx-rec-000557,2026-03-01T13:45:02+00:00,tx_norm_000557,"[""bc1qv3fn7qh8n0ss4f6yj28vgtpzmywmrjukwrh98n""]","[""bc1qv3h8z28ne8gtgvg4hn4fk03mmaj7pyd28gkmhp"", ""bc1qcqjuu9k6ndnujexjdvhhmj563n76dq48trhh76""]",[4.723063],"[3.663102, 1.059841]",0.00012,P2SH
tx-rec-000558,2026-03-01T13:45:10+00:00,tx_norm_000558,"[""bc1q6ed0puz5x4f29cqpsllzpcjq4p8dpeukz2n6vv""]","[""bc1qraafea5fypwmak0aflngg7hwt63jncusp8708h""]",[1.492754],[1.492634],0.00012,P2SH
tx-rec-000559,2026-03-01T13:45:45+00:00,tx_norm_000559,"[""bc1qu02l6n2l296yml0rpa3gzv6umtu6p9rcgl8e47""]","[""bc1qrzytdt0kgppluy480wkx83uxaf5yah4w5gpryf""]",[2.728294],[2.728174],0.00012,P2SH
tx-rec-000560,2026-03-01T13:46:20+00:00,tx_norm_000560,"[""bc1qfy8gd02j8zd0xunt5auq5qg039ukrj4aa2ftg4""]","[""bc1qhjx6lr5emwjezxs9yzg5fqraqvqxn7madpznyj""]",[2.604953],[2.604833],0.00012,P2PKH
tx-rec-000561,2026-03-01T13:46:53+00:00,tx_norm_000561,"[""bc1qvm8x5g990twp6gdlnf9v7eh8llzazp9lpr2mhw""]","[""bc1qldqn65772d9kcqa9vzp4ytxzv5v8qusphl9fgn"", ""bc1qr5f4hfy2dgyv4pkzde74vgpnm0t85l3s77vc5w""]",[0.497961],"[0.029275, 0.468566]",0.00012,P2SH
tx-rec-000562,2026-03-01T13:47:42+00:00,tx_norm_000562,"[""bc1qqfry9tkhfr9vu3w8gme0v67tcwq90y3rhsqnht""]","[""bc1qg462atcr4s2vp6dgmw3u6ey9evtnt4q2y6fltp"", ""bc1qmsk2hmhzwvhzx98l2thkjep6zqgq07lcm9k8hm""]",[3.483696],"[2.933608, 0.549968]",0.00012,P2SH
tx-rec-000563,2026-03-01T13:47:57+00:00,tx_norm_000563,"[""bc1q8sv3gq3l2kjl5cj47l3jtgjg2gtreurl2d3zx3""]","[""bc1qlsyxl4akdfehm295mq2wc8rxw0ua9hq4v5zgu9"", ""bc1qtcf5eshvaqtxkyk587nxv3r79pmv7srkhvcy0x""]",[4.029011],"[3.219575, 0.809316]",0.00012,P2WPKH
tx-rec-000564,2026-03-01T13:48:15+00:00,tx_norm_000564,"[""bc1qy4zh8m7xksekd9jh4zhuxdfl859xlf5ceuhnp9""]","[""bc1qu857msn6shssgxlnmvn53ga92jag2u3vvmjgkt""]",[3.175202],[3.175082],0.00012,P2PKH
tx-rec-000565,2026-03-01T13:49:01+00:00,tx_norm_000565,"[""bc1qdlyf60rpyq3643wk0es395nwa8an5u0pvchzk9""]","[""bc1qcqshn6n09s6shs3mneye27d0cu7pn8qd5el6ua""]",[0.972784],[0.972664],0.00012,P2PKH
tx-rec-000566,2026-03-01T13:49:09+00:00,tx_norm_000566,"[""bc1q55awtvw784swfm5xvztw0rcxtvt9t4vv8ugat8""]","[""bc1qpfuh30sa9k6grsk44sudu2rkz4usazgdugzs8t""]",[1.328658],[1.328538],0.00012,P2TR
tx-rec-000567,2026-03-01T13:49:19+00:00,tx_norm_000567,"[""bc1quw6459ts6pc3dratc9avhvly3wjvea2v57flxg""]","[""bc1qkaxudtg2w7jy6yk03psvf4kqzsnyr5gc32tkl8""]",[3.46039],[3.46027],0.00012,P2PKH
tx-rec-000568,2026-03-01T13:49:44+00:00,tx_norm_000568,"[""bc1q0p6769w2m8afk2957wjnttztdkhxje6c8ws2zj""]","[""bc1q9enf0pknmslq3x4ta3sgephk5etky5pxtrdykk""]",[3.528422],[3.528302],0.00012,P2PKH
tx-rec-000569,2026-03-01T13:50:25+00:00,tx_norm_000569,"[""bc1qwgtnch524wcqj68ggj6dafcmtn34parpxvcl5d""]","[""bc1qhjx6lr5emwjezxs9yzg5fqraqvqxn7madpznyj""]",[3.233863],[3.233743],0.00012,P2TR
tx-rec-000570,2026-03-01T13:50:53+00:00,tx_norm_000570,"[""bc1qmmldvmuqam354a6qjf5e6nqnzkh5cg2d05uyjh""]","[""bc1qnt3sga272xjzk9s7dsvc4dwrwezhhxjtr3mukc""]",[2.940441],[2.940321],0.00012,P2SH
tx-rec-000571,2026-03-01T13:51:12+00:00,tx_norm_000571,"[""bc1q0p6769w2m8afk2957wjnttztdkhxje6c8ws2zj""]","[""bc1qjuaalzh5kdkkgc7ql8s2rqtepuzh2jlvvgjgrf""]",[0.1693],[0.16918],0.00012,P2TR
tx-rec-000572,2026-03-01T13:51:46+00:00,tx_norm_000572,"[""bc1qdtkm3azrjsu3zngpdwsn6yfx2456cqdywv9nk5""]","[""bc1qh4lupjq9dm3x7hw3t2kyfdqu923ayy4rk7j8n6""]",[3.066708],[3.066588],0.00012,P2TR
tx-rec-000573,2026-03-01T13:52:20+00:00,tx_norm_000573,"[""bc1qdh7qdv965l8498fe5y5t6hzvjrtakleq2uhngc""]","[""bc1qcuy2s3h7uuu4s8sgr2gsjzhpacn2xj9n7wv74n"", ""bc1qhjx6lr5emwjezxs9yzg5fqraqvqxn7madpznyj""]",[2.941482],"[1.790589, 1.150773]",0.00012,P2TR
tx-rec-000574,2026-03-01T13:52:26+00:00,tx_norm_000574,"[""bc1qdh7qdv965l8498fe5y5t6hzvjrtakleq2uhngc""]","[""bc1qvlhg62yhue3n25laz4smt8jggvzammry77p663""]",[3.036],[3.03588],0.00012,P2SH
tx-rec-000575,2026-03-01T13:52:56+00:00,tx_norm_000575,"[""bc1q57cpjc6xcdsrnqm78k8zaa7qcdxt94pezuytaa""]","[""bc1qvlq28a3849ndd79xnm6r6eznkpus82c97ywcne""]",[1.675316],[1.675196],0.00012,P2SH
tx-rec-000576,2026-03-01T13:53:10+00:00,tx_norm_000576,"[""bc1q0p6769w2m8afk2957wjnttztdkhxje6c8ws2zj""]","[""bc1qvm8x5g990twp6gdlnf9v7eh8llzazp9lpr2mhw"", ""bc1q3spdn2zpesyf09jjllgesljd04fy4y5ag7hhgq""]",[1.149321],"[0.839341, 0.30986]",0.00012,P2WPKH
tx-rec-000577,2026-03-01T13:53:27+00:00,tx_norm_000577,"[""bc1qxg98k9lwe8zj324ntf3ezjzv0rpk9n4fgyw9j6""]","[""bc1qpfuh30sa9k6grsk44sudu2rkz4usazgdugzs8t""]",[1.513252],[1.513132],0.00012,P2WPKH
tx-rec-000578,2026-03-01T13:53:46+00:00,tx_norm_000578,"[""bc1qatmdnmprpunwnaglr3ar65kzjxu9uhtrc4y5yv""]","[""bc1qmmldvmuqam354a6qjf5e6nqnzkh5cg2d05uyjh""]",[2.338362],[2.338242],0.00012,P2TR
tx-rec-000579,2026-03-01T13:54:45+00:00,tx_norm_000579,"[""bc1qsns7kxgq4zm86kk3zxg4uhqj9uz8kexjwv9tfx""]","[""bc1qmmldvmuqam354a6qjf5e6nqnzkh5cg2d05uyjh"", ""bc1qcpe6g5m0el0n5g2e7csesu930kzdnsnsy7055p""]",[3.924978],"[3.731189, 0.193669]",0.00012,P2WPKH
tx-rec-000580,2026-03-01T13:55:35+00:00,tx_norm_000580,"[""bc1q3spdn2zpesyf09jjllgesljd04fy4y5ag7hhgq""]","[""bc1qezy2mxy8lx5r8z6w3qnwg983940erzwhek4hvn"", ""bc1qpfuh30sa9k6grsk44sudu2rkz4usazgdugzs8t""]",[2.342634],"[1.117443, 1.225071]",0.00012,P2TR
tx-rec-000581,2026-03-01T13:56:11+00:00,tx_norm_000581,"[""bc1qvlq28a3849ndd79xnm6r6eznkpus82c97ywcne""]","[""bc1q84rhek99gzaxh4vgwg3pvcd3kwvqxntj475t0k""]",[2.433271],[2.433151],0.00012,P2WPKH
tx-rec-000582,2026-03-01T13:56:59+00:00,tx_norm_000582,"[""bc1qp63vacy36erkw3mmh0y6w6477qrr9a82lu5dfa""]","[""bc1qy4zh8m7xksekd9jh4zhuxdfl859xlf5ceuhnp9""]",[2.356825],[2.356705],0.00012,P2WPKH
tx-rec-000583,2026-03-01T13:57:25+00:00,tx_norm_000583,"[""bc1qv3h8z28ne8gtgvg4hn4fk03mmaj7pyd28gkmhp""]","[""bc1qqdg9h7kxq5ml8pjn2fq4s0kxfxwh7ycnx3lkrx""]",[3.108513],[3.108393],0.00012,P2WPKH
tx-rec-000584,2026-03-01T13:58:06+00:00,tx_norm_000584,"[""bc1q8eue4llkpkygqgaqutfhn8pqt3zhejxqktdwkn""]","[""bc1q55awtvw784swfm5xvztw0rcxtvt9t4vv8ugat8""]",[0.073214],[0.073094],0.00012,P2SH
tx-rec-000585,2026-03-01T13:58:24+00:00,tx_norm_000585,"[""bc1qdtkm3azrjsu3zngpdwsn6yfx2456cqdywv9nk5""]","[""bc1qapp9m5u4r444779j7qa2h7xc0pxup53jr498za""]",[0.90269],[0.90257],0.00012,P2WPKH
tx-rec-000586,2026-03-01T13:59:09+00:00,tx_norm_000586,"[""bc1qc694t02thmd363mxzn2nqt58ztstg7qd5whgaq""]","[""bc1qee9f8sxtpartfv6anm9m702k649qr85hcatzgt""]",[3.74449],[3.74437],0.00012,P2WPKH
tx-rec-000587,2026-03-01T13:59:50+00:00,tx_norm_000587,"[""bc1qalldcf088rfu5rwgdak6muv5k9w330j0lelxkk""]","[""bc1qakj6y5prmulu02nlnsfnhnayhtpa32gh7mcqrv""]",[2.690197],[2.690077],0.00012,P2WPKH
tx-rec-000588,2026-03-01T14:00:45+00:00,tx_norm_000588,"[""bc1qpm706a3vaehp3k6wdg9g892sp3dkzlkuufkvhw""]","[""bc1q45u3lfy89ctqrc937sl56gfky7a946puq2uc38"", ""bc1qszz4p9ux2z8vtduv6ltqx0qyll7zwhah388j0x""]",[4.692279],"[3.739017, 0.953142]",0.00012,P2SH
tx-rec-000589,2026-03-01T14:01:21+00:00,tx_norm_000589,"[""bc1q7lamglhs7ws80f8duwy0pvr4j8h2zq3xwjqdz3""]","[""bc1q8eue4llkpkygqgaqutfhn8pqt3zhejxqktdwkn""]",[3.429312],[3.429192],0.00012,P2PKH
tx-rec-000590,2026-03-01T14:01:50+00:00,tx_norm_000590,"[""bc1qpxeyzck09msvuxqnskmsya6p66jefk5l9cq55c""]","[""bc1q0gma8qqgpxtnpxfknxu36arla4qqyjh32fc93y"", ""bc1qmmldvmuqam354a6qjf5e6nqnzkh5cg2d05uyjh""]",[3.150654],"[2.402769, 0.747765]",0.00012,P2WPKH
tx-rec-000591,2026-03-01T14:01:59+00:00,tx_norm_000591,"[""bc1qh23xwl2xcylsqe368uewcs5zrjz2fucsyes09z""]","[""bc1q3p65c898syar0nq24aejwqa4xam855rmfkhkp7""]",[2.994351],[2.994231],0.00012,P2WPKH
tx-rec-000592,2026-03-01T14:02:49+00:00,tx_norm_000592,"[""bc1q0gma8qqgpxtnpxfknxu36arla4qqyjh32fc93y""]","[""bc1qqdg9h7kxq5ml8pjn2fq4s0kxfxwh7ycnx3lkrx"", ""bc1qu857msn6shssgxlnmvn53ga92jag2u3vvmjgkt""]",[3.677473],"[3.264686, 0.412667]",0.00012,P2PKH
tx-rec-000593,2026-03-01T14:03:14+00:00,tx_norm_000593,"[""bc1qkqaudpzltrq0hytslrl6nmu5p2y40c5qfsxvr2""]","[""bc1q7qtl40nqcd5n9vfd9psfthdk9adqrvprgq67ec""]",[2.391529],[2.391409],0.00012,P2WPKH
tx-rec-000594,2026-03-01T14:03:39+00:00,tx_norm_000594,"[""bc1qcat4vnp6z866ky8e6nf0m7leq7st34v6cg9vjn""]","[""bc1q84rhek99gzaxh4vgwg3pvcd3kwvqxntj475t0k""]",[2.330465],[2.330345],0.00012,P2SH
tx-rec-000595,2026-03-01T14:04:22+00:00,tx_norm_000595,"[""bc1q75qxvc0lxsvvydye4a56ytyn6yqxt8l6aq5ryy""]","[""bc1qqfry9tkhfr9vu3w8gme0v67tcwq90y3rhsqnht"", ""bc1qee9f8sxtpartfv6anm9m702k649qr85hcatzgt""]",[1.514697],"[1.141657, 0.37292]",0.00012,P2WPKH
tx-rec-000596,2026-03-01T14:04:42+00:00,tx_norm_000596,"[""bc1qalldcf088rfu5rwgdak6muv5k9w330j0lelxkk""]","[""bc1qx6w6xzehxyxw0l4zazkhyvg746g96rtls6vwuj""]",[1.631522],[1.631402],0.00012,P2PKH
tx-rec-000597,2026-03-01T14:05:06+00:00,tx_norm_000597,"[""bc1qwgtnch524wcqj68ggj6dafcmtn34parpxvcl5d""]","[""bc1qr5f4hfy2dgyv4pkzde74vgpnm0t85l3s77vc5w"", ""bc1qnma43znv9qwa5swttmpprnz9fe2ql7r8ktxpjv""]",[1.560613],"[0.558909, 1.001584]",0.00012,P2TR
tx-rec-000598,2026-03-01T14:05:16+00:00,tx_norm_000598,"[""bc1qqdg9h7kxq5ml8pjn2fq4s0kxfxwh7ycnx3lkrx""]","[""bc1q8eue4llkpkygqgaqutfhn8pqt3zhejxqktdwkn""]",[2.988059],[2.987939],0.00012,P2TR
tx-rec-000599,2026-03-01T14:06:01+00:00,tx_norm_000599,"[""bc1qx6w6xzehxyxw0l4zazkhyvg746g96rtls6vwuj""]","[""bc1q7lamglhs7ws80f8duwy0pvr4j8h2zq3xwjqdz3""]",[0.608702],[0.608582],0.00012,P2WPKH
tx-rec-000600,2026-03-01T14:06:12+00:00,tx_norm_000600,"[""bc1qh4lupjq9dm3x7hw3t2kyfdqu923ayy4rk7j8n6""]","[""bc1qt6gfp8gargkathudyzgaejyut59nvk4vvas9w5"", ""bc1qezy2mxy8lx5r8z6w3qnwg983940erzwhek4hvn""]",[2.492889],"[1.758102, 0.734667]",0.00012,P2SH
tx-rec-000601,2026-03-01T14:06:54+00:00,tx_norm_000601,"[""bc1q38qalhjfrcq99474ks67hrzja47860k9zkq5vh""]","[""bc1qakj6y5prmulu02nlnsfnhnayhtpa32gh7mcqrv"", ""bc1qdlyf60rpyq3643wk0es395nwa8an5u0pvchzk9""]",[4.238499],"[3.681226, 0.557153]",0.00012,P2TR
tx-rec-000602,2026-03-01T14:07:22+00:00,tx_norm_000602,"[""bc1q0gma8qqgpxtnpxfknxu36arla4qqyjh32fc93y""]","[""bc1qdtkm3azrjsu3zngpdwsn6yfx2456cqdywv9nk5""]",[3.203408],[3.203288],0.00012,P2PKH
tx-rec-000603,2026-03-01T14:08:07+00:00,tx_norm_000603,"[""bc1quynh6t6rhxkn22vypsfu8q0jdmpmhh0k0j9z0u""]","[""bc1qfn77ursvuj6aj5vw07uu8gxq9ujn40dm6vld6w"", ""bc1qp63vacy36erkw3mmh0y6w6477qrr9a82lu5dfa""]",[2.520958],"[1.250335, 1.270503]",0.00012,P2PKH
tx-rec-000604,2026-03-01T14:08:53+00:00,tx_norm_000604,"[""bc1qfy8gd02j8zd0xunt5auq5qg039ukrj4aa2ftg4""]","[""bc1qakj6y5prmulu02nlnsfnhnayhtpa32gh7mcqrv""]",[2.179917],[2.179797],0.00012,P2PKH
tx-rec-000605,2026-03-01T14:09:44+00:00,tx_norm_000605,"[""bc1q6ed0puz5x4f29cqpsllzpcjq4p8dpeukz2n6vv""]","[""bc1qv3h8z28ne8gtgvg4hn4fk03mmaj7pyd28gkmhp"", ""bc1q55awtvw784swfm5xvztw0rcxtvt9t4vv8ugat8""]",[0.808024],"[0.512028, 0.295876]",0.00012,P2PKH
tx-rec-000606,2026-03-01T14:10:22+00:00,tx_norm_000606,"[""bc1qsns7kxgq4zm86kk3zxg4uhqj9uz8kexjwv9tfx""]","[""bc1qv3h8z28ne8gtgvg4hn4fk03mmaj7pyd28gkmhp""]",[0.908747],[0.908627],0.00012,P2WPKH
tx-rec-000607,2026-03-01T14:10:48+00:00,tx_norm_000607,"[""bc1qraafea5fypwmak0aflngg7hwt63jncusp8708h""]","[""bc1qtcf5eshvaqtxkyk587nxv3r79pmv7srkhvcy0x"", ""bc1qsw0742mq2re87v2jaurcmpca5p8a2ywxnfhzyp""]",[2.189315],"[1.326039, 0.863156]",0.00012,P2TR
tx-rec-000608,2026-03-01T14:11:34+00:00,tx_norm_000608,"[""bc1qalldcf088rfu5rwgdak6muv5k9w330j0lelxkk""]","[""bc1q8sv3gq3l2kjl5cj47l3jtgjg2gtreurl2d3zx3""]",[2.675806],[2.675686],0.00012,P2PKH
tx-rec-000609,2026-03-01T14:12:31+00:00,tx_norm_000609,"[""bc1qr5f4hfy2dgyv4pkzde74vgpnm0t85l3s77vc5w""]","[""bc1qhdyfpp3mtq35qnrc40ad956gkf0d3mceae3wwz""]",[0.616707],[0.616587],0.00012,P2WPKH
tx-rec-000610,2026-03-01T14:12:50+00:00,tx_norm_000610,"[""bc1qr7fcdrsl326mp9phg9s4faphp2em0a759c0r6e""]","[""bc1qmzn0uapy544k9mq7n9hwv3f90sn9rkf03wwkul""]",[2.484217],[2.484097],0.00012,P2PKH
tx-rec-000611,2026-03-01T14:13:36+00:00,tx_norm_000611,"[""bc1qkqq6y035xf3832ezmjqmyung7pta2mj862806z""]","[""bc1qapp9m5u4r444779j7qa2h7xc0pxup53jr498za"", ""bc1q39nkczjgm4qvnsr7g8cgf4fpd5x3u34rtklkc4""]",[2.034183],"[0.872124, 1.161939]",0.00012,P2SH
tx-rec-000612,2026-03-01T14:14:36+00:00,tx_norm_000612,"[""bc1qvlhg62yhue3n25laz4smt8jggvzammry77p663""]","[""bc1qldqn65772d9kcqa9vzp4ytxzv5v8qusphl9fgn""]",[1.23344],[1.23332],0.00012,P2TR
tx-rec-000613,2026-03-01T14:14:42+00:00,tx_norm_000613,"[""bc1qldqn65772d9kcqa9vzp4ytxzv5v8qusphl9fgn""]","[""bc1qkaxudtg2w7jy6yk03psvf4kqzsnyr5gc32tkl8"", ""bc1qv3h8z28ne8gtgvg4hn4fk03mmaj7pyd28gkmhp""]",[2.194759],"[1.118664, 1.075975]",0.00012,P2PKH
tx-rec-000614,2026-03-01T14:14:49+00:00,tx_norm_000614,"[""bc1qrzytdt0kgppluy480wkx83uxaf5yah4w5gpryf""]","[""bc1qszz4p9ux2z8vtduv6ltqx0qyll7zwhah388j0x"", ""bc1qmmldvmuqam354a6qjf5e6nqnzkh5cg2d05uyjh""]",[0.253574],"[0.143441, 0.110013]",0.00012,P2PKH
tx-rec-000615,2026-03-01T14:15:31+00:00,tx_norm_000615,"[""bc1qdkx904vy7ln6sdphrwean56tcnlv368ca9n9gv""]","[""bc1qqdg9h7kxq5ml8pjn2fq4s0kxfxwh7ycnx3lkrx""]",[1.962796],[1.962676],0.00012,P2TR
tx-rec-000616,2026-03-01T14:15:49+00:00,tx_norm_000616,"[""bc1qulyzp92shnx6lnh3dcpvcqayukgcczejzpkf7d""]","[""bc1q4hmjzzx5vldpsys03922tjnjfq3km9aj7tkenu""]",[0.033381],[0.033261],0.00012,P2WPKH
tx-rec-000617,2026-03-01T14:16:11+00:00,tx_norm_000617,"[""bc1qd94lr8j2v8he5xvkxrfcfr93djw6tzy3gavck0""]","[""bc1qqdg9h7kxq5ml8pjn2fq4s0kxfxwh7ycnx3lkrx"", ""bc1qrzytdt0kgppluy480wkx83uxaf5yah4w5gpryf""]",[3.125292],"[1.969332, 1.15584]",0.00012,P2WPKH
tx-rec-000618,2026-03-01T14:16:37+00:00,tx_norm_000618,"[""bc1qrzytdt0kgppluy480wkx83uxaf5yah4w5gpryf""]","[""bc1qakj6y5prmulu02nlnsfnhnayhtpa32gh7mcqrv""]",[3.457654],[3.457534],0.00012,P2WPKH
tx-rec-000619,2026-03-01T14:17:10+00:00,tx_norm_000619,"[""bc1qxvanm5sksj0c0xwua2wy3h3ss5hk9vf7kr7azn""]","[""bc1qhdyfpp3mtq35qnrc40ad956gkf0d3mceae3wwz""]",[2.325069],[2.324949],0.00012,P2TR
tx-rec-000620,2026-03-01T14:17:28+00:00,tx_norm_000620,"[""bc1qvm8x5g990twp6gdlnf9v7eh8llzazp9lpr2mhw""]","[""bc1ql7qs6mr4uy40apyeq3qn4svm4ztdfdjcvu4ynu""]",[0.165303],[0.165183],0.00012,P2SH
tx-rec-000621,2026-03-01T14:17:45+00:00,tx_norm_000621,"[""bc1q2xmphldtc863jfk387cd7sjzuz0pgwmmypcxye""]","[""bc1q7lamglhs7ws80f8duwy0pvr4j8h2zq3xwjqdz3"", ""bc1qapp9m5u4r444779j7qa2h7xc0pxup53jr498za""]",[3.877785],"[2.833776, 1.043889]",0.00012,P2WPKH
tx-rec-000622,2026-03-01T14:18:13+00:00,tx_norm_000622,"[""bc1ql6e5ah3ffh398nm74aycmtccuvz5cy7cyyaqhl""]","[""bc1q6y36mp84w8mmfljx7q8epacs3gzz379xwwd6uq"", ""bc1qee9f8sxtpartfv6anm9m702k649qr85hcatzgt""]",[3.83416],"[2.495907, 1.338133]",0.00012,P2WPKH
tx-rec-000623,2026-03-01T14:18:31+00:00,tx_norm_000623,"[""bc1qldqn65772d9kcqa9vzp4ytxzv5v8qusphl9fgn""]","[""bc1qxvanm5sksj0c0xwua2wy3h3ss5hk9vf7kr7azn"", ""bc1qatmdnmprpunwnaglr3ar65kzjxu9uhtrc4y5yv""]",[2.501193],"[1.196572, 1.304501]",0.00012,P2SH
tx-rec-000624,2026-03-01T14:19:07+00:00,tx_norm_000624,"[""bc1qv3h8z28ne8gtgvg4hn4fk03mmaj7pyd28gkmhp""]","[""bc1q3p65c898syar0nq24aejwqa4xam855rmfkhkp7""]",[2.773402],[2.773282],0.00012,P2TR
tx-rec-000625,2026-03-01T14:19:50+00:00,tx_norm_000625,"[""bc1qpxeyzck09msvuxqnskmsya6p66jefk5l9cq55c""]","[""bc1qjuaalzh5kdkkgc7ql8s2rqtepuzh2jlvvgjgrf""]",[3.545669],[3.545549],0.00012,P2WPKH
tx-rec-000626,2026-03-01T14:20:45+00:00,tx_norm_000626,"[""bc1qnma43znv9qwa5swttmpprnz9fe2ql7r8ktxpjv""]","[""bc1qmsk2hmhzwvhzx98l2thkjep6zqgq07lcm9k8hm"", ""bc1qcpe6g5m0el0n5g2e7csesu930kzdnsnsy7055p""]",[4.949235],"[3.610938, 1.338177]",0.00012,P2PKH
tx-rec-000627,2026-03-01T14:21:29+00:00,tx_norm_000627,"[""bc1q6y36mp84w8mmfljx7q8epacs3gzz379xwwd6uq""]","[""bc1qmsk2hmhzwvhzx98l2thkjep6zqgq07lcm9k8hm"", ""bc1qn098rpw3f07j07nk8lt0tqc5yc34vmtrkzekum""]",[0.573055],"[0.04811, 0.524825]",0.00012,P2TR
tx-rec-000628,2026-03-01T14:22:20+00:00,tx_norm_000628,"[""bc1q7lamglhs7ws80f8duwy0pvr4j8h2zq3xwjqdz3""]","[""bc1qsns7kxgq4zm86kk3zxg4uhqj9uz8kexjwv9tfx""]",[0.37898],[0.37886],0.00012,P2SH
tx-rec-000629,2026-03-01T14:22:52+00:00,tx_norm_000629,"[""bc1qhjx6lr5emwjezxs9yzg5fqraqvqxn7madpznyj""]","[""bc1qdlyf60rpyq3643wk0es395nwa8an5u0pvchzk9"", ""bc1qfn77ursvuj6aj5vw07uu8gxq9ujn40dm6vld6w""]",[1.569969],"[1.438497, 0.131352]",0.00012,P2PKH
tx-rec-000630,2026-03-01T14:23:04+00:00,tx_norm_000630,"[""bc1qnt3sga272xjzk9s7dsvc4dwrwezhhxjtr3mukc""]","[""bc1q0gma8qqgpxtnpxfknxu36arla4qqyjh32fc93y""]",[1.0153],[1.01518],0.00012,P2SH
tx-rec-000631,2026-03-01T14:23:16+00:00,tx_norm_000631,"[""bc1qc694t02thmd363mxzn2nqt58ztstg7qd5whgaq""]","[""bc1qh3wqjwtpm4s6zzt5fzfznu9xx3eec9gvtmjff5""]",[2.866802],[2.866682],0.00012,P2PKH
tx-rec-000632,2026-03-01T14:23:51+00:00,tx_norm_000632,"[""bc1qn5hzcqnvvvecqsv23nxzrf4nvgqw2tad5jlt63""]","[""bc1qvlq28a3849ndd79xnm6r6eznkpus82c97ywcne""]",[0.438016],[0.437896],0.00012,P2TR
tx-rec-000633,2026-03-01T14:24:51+00:00,tx_norm_000633,"[""bc1qdlyf60rpyq3643wk0es395nwa8an5u0pvchzk9""]","[""bc1qdjp9z0egr8gt50uz5udnnl9u03wg5wuc2g6lue"", ""bc1qxg98k9lwe8zj324ntf3ezjzv0rpk9n4fgyw9j6""]",[3.761109],"[2.676962, 1.084027]",0.00012,P2TR
tx-rec-000634,2026-03-01T14:25:00+00:00,tx_norm_000634,"[""bc1qq4s8cuyajq265qr4m7xegtq4fxulsgpy5hj2xu""]","[""bc1qarmcwzcwd7yxe8r5rl6dn2w9k2zpn0qfekh5qn"", ""bc1quw6459ts6pc3dratc9avhvly3wjvea2v57flxg""]",[1.222934],"[0.594419, 0.628395]",0.00012,P2PKH
tx-rec-000635,2026-03-01T14:25:36+00:00,tx_norm_000635,"[""bc1quynh6t6rhxkn22vypsfu8q0jdmpmhh0k0j9z0u""]","[""bc1qkqq6y035xf3832ezmjqmyung7pta2mj862806z"", ""bc1qvlq28a3849ndd79xnm6r6eznkpus82c97ywcne""]",[2.703208],"[1.795623, 0.907465]",0.00012,P2PKH
tx-rec-000636,2026-03-01T14:26:23+00:00,tx_norm_000636,"[""bc1q55awtvw784swfm5xvztw0rcxtvt9t4vv8ugat8""]","[""bc1q9enf0pknmslq3x4ta3sgephk5etky5pxtrdykk""]",[3.374785],[3.374665],0.00012,P2TR
tx-rec-000637,2026-03-01T14:26:40+00:00,tx_norm_000637,"[""bc1qzhsd8sragjejpvtm6jg6ypyrhd8h3d27xdhg2z""]","[""bc1qyqemyaetupurpjnfdd67yh853v4suw2cs5e6us"", ""bc1qdlyf60rpyq3643wk0es395nwa8an5u0pvchzk9""]",[0.462286],"[0.098868, 0.363298]",0.00012,P2TR
tx-rec-000638,2026-03-01T14:27:36+00:00,tx_norm_000638,"[""bc1qn098rpw3f07j07nk8lt0tqc5yc34vmtrkzekum""]","[""bc1qrqae6lyvnp9f0ss0xnm09taynfed9gpue4jpud""]",[0.174773],[0.174653],0.00012,P2TR
tx-rec-000639,2026-03-01T14:28:16+00:00,tx_norm_000639,"[""bc1qapp9m5u4r444779j7qa2h7xc0pxup53jr498za""]","[""bc1qcat4vnp6z866ky8e6nf0m7leq7st34v6cg9vjn""]",[3.050221],[3.050101],0.00012,P2PKH
tx-rec-000640,2026-03-01T14:28:39+00:00,tx_norm_000640,"[""bc1q57cpjc6xcdsrnqm78k8zaa7qcdxt94pezuytaa""]","[""bc1qv3fn7qh8n0ss4f6yj28vgtpzmywmrjukwrh98n""]",[2.304619],[2.304499],0.00012,P2TR
tx-rec-000641,2026-03-01T14:29:18+00:00,tx_norm_000641,"[""bc1qsns7kxgq4zm86kk3zxg4uhqj9uz8kexjwv9tfx""]","[""bc1qx6w6xzehxyxw0l4zazkhyvg746g96rtls6vwuj""]",[2.537442],[2.537322],0.00012,P2SH
tx-rec-000642,2026-03-01T14:29:43+00:00,tx_norm_000642,"[""bc1qhjx6lr5emwjezxs9yzg5fqraqvqxn7madpznyj""]","[""bc1qh3wqjwtpm4s6zzt5fzfznu9xx3eec9gvtmjff5"", ""bc1qx2fssznfzevxeppknd6kjr800apkku8d9xr4tf""]",[1.959473],"[1.338399, 0.620954]",0.00012,P2WPKH
tx-rec-000643,2026-03-01T14:30:37+00:00,tx_norm_000643,"[""bc1qwm0j85fm8fp3z3jjzkehnz90tdrnsrc2ku6sgq""]","[""bc1q0gma8qqgpxtnpxfknxu36arla4qqyjh32fc93y""]",[3.135825],[3.135705],0.00012,P2TR
tx-rec-000644,2026-03-01T14:31:25+00:00,tx_norm_000644,"[""bc1q4hmjzzx5vldpsys03922tjnjfq3km9aj7tkenu""]","[""bc1qsw0742mq2re87v2jaurcmpca5p8a2ywxnfhzyp""]",[1.390584],[1.390464],0.00012,P2WPKH
tx-rec-000645,2026-03-01T14:31:38+00:00,tx_norm_000645,"[""bc1qakj6y5prmulu02nlnsfnhnayhtpa32gh7mcqrv""]","[""bc1qh4lupjq9dm3x7hw3t2kyfdqu923ayy4rk7j8n6""]",[1.384201],[1.384081],0.00012,P2SH
tx-rec-000646,2026-03-01T14:31:45+00:00,tx_norm_000646,"[""bc1qz5dkcg984aem8v6clcshjha0yjy7d2hwnhkvfw""]","[""bc1qldqn65772d9kcqa9vzp4ytxzv5v8qusphl9fgn""]",[3.535978],[3.535858],0.00012,P2SH
tx-rec-000647,2026-03-01T14:32:28+00:00,tx_norm_000647,"[""bc1qz5dkcg984aem8v6clcshjha0yjy7d2hwnhkvfw""]","[""bc1qp3qrv23fgmarr4qq6yjtr65s9ws0t93ql3gdhl""]",[2.437842],[2.437722],0.00012,P2SH
tx-rec-000648,2026-03-01T14:33:25+00:00,tx_norm_000648,"[""bc1qalldcf088rfu5rwgdak6muv5k9w330j0lelxkk""]","[""bc1qr5f4hfy2dgyv4pkzde74vgpnm0t85l3s77vc5w""]",[3.176036],[3.175916],0.00012,P2TR
tx-rec-000649,2026-03-01T14:33:37+00:00,tx_norm_000649,"[""bc1qpfuh30sa9k6grsk44sudu2rkz4usazgdugzs8t""]","[""bc1qp3qrv23fgmarr4qq6yjtr65s9ws0t93ql3gdhl"", ""bc1qn098rpw3f07j07nk8lt0tqc5yc34vmtrkzekum""]",[0.623131],"[0.166407, 0.456604]",0.00012,P2SH
tx-rec-000650,2026-03-01T14:34:29+00:00,tx_norm_000650,"[""bc1qdpsvrymdl7p84vdsltvzumn0xu96qac0vle5n0""]","[""bc1qarmcwzcwd7yxe8r5rl6dn2w9k2zpn0qfekh5qn""]",[2.73412],[2.734],0.00012,P2PKH
tx-rec-000651,2026-03-01T14:34:54+00:00,tx_norm_000651,"[""bc1qq4s8cuyajq265qr4m7xegtq4fxulsgpy5hj2xu""]","[""bc1qsdeljr33auxdy9m7xl9f43aytywulqylssyggl""]",[3.06925],[3.06913],0.00012,P2TR
tx-rec-000652,2026-03-01T14:35:32+00:00,tx_norm_000652,"[""bc1qrqae6lyvnp9f0ss0xnm09taynfed9gpue4jpud""]","[""bc1qvjf54hm2tj4h5muwsnjd2j8ttelrsq45h8vawf""]",[1.515435],[1.515315],0.00012,P2TR
tx-rec-000653,2026-03-01T14:36:21+00:00,tx_norm_000653,"[""bc1qpxeyzck09msvuxqnskmsya6p66jefk5l9cq55c""]","[""bc1qcpe6g5m0el0n5g2e7csesu930kzdnsnsy7055p""]",[0.873378],[0.873258],0.00012,P2SH
tx-rec-000654,2026-03-01T14:37:19+00:00,tx_norm_000654,"[""bc1qarmcwzcwd7yxe8r5rl6dn2w9k2zpn0qfekh5qn""]","[""bc1qee9f8sxtpartfv6anm9m702k649qr85hcatzgt""]",[2.901631],[2.901511],0.00012,P2PKH
tx-rec-000655,2026-03-01T14:37:55+00:00,tx_norm_000655,"[""bc1q0gma8qqgpxtnpxfknxu36arla4qqyjh32fc93y""]","[""bc1q76dr9uxk35a9d0ne60vs8rpkejhkmcn4j3u5v7""]",[0.282755],[0.282635],0.00012,P2SH
tx-rec-000656,2026-03-01T14:38:48+00:00,tx_norm_000656,"[""bc1qx2fssznfzevxeppknd6kjr800apkku8d9xr4tf""]","[""bc1qnt3sga272xjzk9s7dsvc4dwrwezhhxjtr3mukc""]",[3.178137],[3.178017],0.00012,P2PKH
tx-rec-000657,2026-03-01T14:39:45+00:00,tx_norm_000657,"[""bc1qatmdnmprpunwnaglr3ar65kzjxu9uhtrc4y5yv""]","[""bc1qxvanm5sksj0c0xwua2wy3h3ss5hk9vf7kr7azn"", ""bc1q39nkczjgm4qvnsr7g8cgf4fpd5x3u34rtklkc4""]",[0.427486],"[0.067366, 0.36]",0.00012,P2PKH
tx-rec-000658,2026-03-01T14:39:54+00:00,tx_norm_000658,"[""bc1qu857msn6shssgxlnmvn53ga92jag2u3vvmjgkt""]","[""bc1qhdyfpp3mtq35qnrc40ad956gkf0d3mceae3wwz""]",[3.661764],[3.661644],0.00012,P2WPKH
tx-rec-000659,2026-03-01T14:40:41+00:00,tx_norm_000659,"[""bc1qx2fssznfzevxeppknd6kjr800apkku8d9xr4tf""]","[""bc1qvlq28a3849ndd79xnm6r6eznkpus82c97ywcne""]",[2.688232],[2.688112],0.00012,P2TR
tx-rec-000660,2026-03-01T14:41:09+00:00,tx_norm_000660,"[""bc1qr5f4hfy2dgyv4pkzde74vgpnm0t85l3s77vc5w""]","[""bc1q3pamfqd2vdz9zy3ndtpy5mt23sdelmpydsljen""]",[1.652794],[1.652674],0.00012,P2TR
tx-rec-000661,2026-03-01T14:41:54+00:00,tx_norm_000661,"[""bc1qezy2mxy8lx5r8z6w3qnwg983940erzwhek4hvn""]","[""bc1q0p6769w2m8afk2957wjnttztdkhxje6c8ws2zj""]",[0.166129],[0.166009],0.00012,P2PKH
tx-rec-000662,2026-03-01T14:42:30+00:00,tx_norm_000662,"[""bc1q84rhek99gzaxh4vgwg3pvcd3kwvqxntj475t0k""]","[""bc1qkqaudpzltrq0hytslrl6nmu5p2y40c5qfsxvr2""]",[0.12447],[0.12435],0.00012,P2TR
tx-rec-000663,2026-03-01T14:43:23+00:00,tx_norm_000663,"[""bc1qz5j0ngrn5fpv34sleyc593kmmsqvpajjra2wyh""]","[""bc1q9enf0pknmslq3x4ta3sgephk5etky5pxtrdykk""]",[0.381956],[0.381836],0.00012,P2WPKH
tx-rec-000664,2026-03-01T14:44:11+00:00,tx_norm_000664,"[""bc1qcat4vnp6z866ky8e6nf0m7leq7st34v6cg9vjn""]","[""bc1qxvanm5sksj0c0xwua2wy3h3ss5hk9vf7kr7azn""]",[1.466094],[1.465974],0.00012,P2PKH
tx-rec-000665,2026-03-01T14:44:46+00:00,tx_norm_000665,"[""bc1qu857msn6shssgxlnmvn53ga92jag2u3vvmjgkt""]","[""bc1qp3qrv23fgmarr4qq6yjtr65s9ws0t93ql3gdhl"", ""bc1qsdeljr33auxdy9m7xl9f43aytywulqylssyggl""]",[1.4609],"[0.358928, 1.101852]",0.00012,P2PKH
tx-rec-000666,2026-03-01T14:45:20+00:00,tx_norm_000666,"[""bc1qx6w6xzehxyxw0l4zazkhyvg746g96rtls6vwuj""]","[""bc1qpxeyzck09msvuxqnskmsya6p66jefk5l9cq55c""]",[1.302356],[1.302236],0.00012,P2TR
tx-rec-000667,2026-03-01T14:45:27+00:00,tx_norm_000667,"[""bc1qdtkm3azrjsu3zngpdwsn6yfx2456cqdywv9nk5""]","[""bc1q3pamfqd2vdz9zy3ndtpy5mt23sdelmpydsljen""]",[2.129966],[2.129846],0.00012,P2TR
tx-rec-000668,2026-03-01T14:45:45+00:00,tx_norm_000668,"[""bc1qezy2mxy8lx5r8z6w3qnwg983940erzwhek4hvn""]","[""bc1qsw0742mq2re87v2jaurcmpca5p8a2ywxnfhzyp""]",[0.370217],[0.370097],0.00012,P2PKH
tx-rec-000669,2026-03-01T14:46:22+00:00,tx_norm_000669,"[""bc1qptx4457ju9edelz8pvnvs3ek206hftlv4j27vw""]","[""bc1q55awtvw784swfm5xvztw0rcxtvt9t4vv8ugat8""]",[1.935589],[1.935469],0.00012,P2TR
tx-rec-000670,2026-03-01T14:47:18+00:00,tx_norm_000670,"[""bc1q76dr9uxk35a9d0ne60vs8rpkejhkmcn4j3u5v7""]","[""bc1qz5j0ngrn5fpv34sleyc593kmmsqvpajjra2wyh"", ""bc1q0p6769w2m8afk2957wjnttztdkhxje6c8ws2zj""]",[2.783341],"[2.518485, 0.264736]",0.00012,P2TR
tx-rec-000671,2026-03-01T14:47:34+00:00,tx_norm_000671,"[""bc1qee9f8sxtpartfv6anm9m702k649qr85hcatzgt""]","[""bc1qh23xwl2xcylsqe368uewcs5zrjz2fucsyes09z"", ""bc1qwm0j85fm8fp3z3jjzkehnz90tdrnsrc2ku6sgq""]",[2.074771],"[1.133083, 0.941568]",0.00012,P2TR
tx-rec-000672,2026-03-01T14:47:46+00:00,tx_norm_000672,"[""bc1qcqshn6n09s6shs3mneye27d0cu7pn8qd5el6ua""]","[""bc1qulyzp92shnx6lnh3dcpvcqayukgcczejzpkf7d"", ""bc1qcat4vnp6z866ky8e6nf0m7leq7st34v6cg9vjn""]",[4.509998],"[3.729132, 0.780746]",0.00012,P2PKH
tx-rec-000673,2026-03-01T14:48:15+00:00,tx_norm_000673,"[""bc1q9enf0pknmslq3x4ta3sgephk5etky5pxtrdykk""]","[""bc1qqc4dhlpfruavtj05p7s6a9uqas2u4vrvrk8tta""]",[3.107276],[3.107156],0.00012,P2TR
tx-rec-000674,2026-03-01T14:48:22+00:00,tx_norm_000674,"[""bc1qnt3sga272xjzk9s7dsvc4dwrwezhhxjtr3mukc""]","[""bc1qvm8x5g990twp6gdlnf9v7eh8llzazp9lpr2mhw""]",[0.86418],[0.86406],0.00012,P2TR
tx-rec-000675,2026-03-01T14:48:41+00:00,tx_norm_000675,"[""bc1q6ed0puz5x4f29cqpsllzpcjq4p8dpeukz2n6vv""]","[""bc1qptx4457ju9edelz8pvnvs3ek206hftlv4j27vw""]",[3.113489],[3.113369],0.00012,P2PKH
tx-rec-000676,2026-03-01T14:48:52+00:00,tx_norm_000676,"[""bc1qjuaalzh5kdkkgc7ql8s2rqtepuzh2jlvvgjgrf""]","[""bc1qvlhg62yhue3n25laz4smt8jggvzammry77p663""]",[0.512656],[0.512536],0.00012,P2PKH
tx-rec-000677,2026-03-01T14:49:25+00:00,tx_norm_000677,"[""bc1qmmldvmuqam354a6qjf5e6nqnzkh5cg2d05uyjh""]","[""bc1q57cpjc6xcdsrnqm78k8zaa7qcdxt94pezuytaa""]",[3.059347],[3.059227],0.00012,P2WPKH
tx-rec-000678,2026-03-01T14:50:10+00:00,tx_norm_000678,"[""bc1q4hmjzzx5vldpsys03922tjnjfq3km9aj7tkenu""]","[""bc1qcpe6g5m0el0n5g2e7csesu930kzdnsnsy7055p"", ""bc1qptx4457ju9edelz8pvnvs3ek206hftlv4j27vw""]",[2.494926],"[1.614612, 0.880194]",0.00012,P2TR
tx-rec-000679,2026-03-01T14:50:19+00:00,tx_norm_000679,"[""bc1q55awtvw784swfm5xvztw0rcxtvt9t4vv8ugat8""]","[""bc1qsjn93a9ck58qq3fkf7fwlqvse0dsvyfrkm88f0""]",[1.015492],[1.015372],0.00012,P2WPKH
tx-rec-000680,2026-03-01T14:50:54+00:00,tx_norm_000680,"[""bc1qx2fssznfzevxeppknd6kjr800apkku8d9xr4tf""]","[""bc1qldqn65772d9kcqa9vzp4ytxzv5v8qusphl9fgn""]",[3.53973],[3.53961],0.00012,P2SH
tx-rec-000681,2026-03-01T14:51:06+00:00,tx_norm_000681,"[""bc1qxvanm5sksj0c0xwua2wy3h3ss5hk9vf7kr7azn""]","[""bc1qjuaalzh5kdkkgc7ql8s2rqtepuzh2jlvvgjgrf"", ""bc1q0v5596p00t8c62rjrhsj4jy2tvjgy2hephx33m""]",[1.061785],"[0.337122, 0.724543]",0.00012,P2WPKH
tx-rec-000682,2026-03-01T14:51:46+00:00,tx_norm_000682,"[""bc1qwgtnch524wcqj68ggj6dafcmtn34parpxvcl5d""]","[""bc1qcat4vnp6z866ky8e6nf0m7leq7st34v6cg9vjn""]",[0.262039],[0.261919],0.00012,P2SH
tx-rec-000683,2026-03-01T14:52:28+00:00,tx_norm_000683,"[""bc1qsw0742mq2re87v2jaurcmpca5p8a2ywxnfhzyp""]","[""bc1ql7qs6mr4uy40apyeq3qn4svm4ztdfdjcvu4ynu"", ""bc1qulyzp92shnx6lnh3dcpvcqayukgcczejzpkf7d""]",[2.677518],"[2.156918, 0.52048]",0.00012,P2TR
tx-rec-000684,2026-03-01T14:52:33+00:00,tx_norm_000684,"[""bc1qqdg9h7kxq5ml8pjn2fq4s0kxfxwh7ycnx3lkrx""]","[""bc1qmzn0uapy544k9mq7n9hwv3f90sn9rkf03wwkul"", ""bc1q4hmjzzx5vldpsys03922tjnjfq3km9aj7tkenu""]",[2.9991],"[1.966704, 1.032276]",0.00012,P2PKH
tx-rec-000685,2026-03-01T14:52:57+00:00,tx_norm_000685,"[""bc1qdkx904vy7ln6sdphrwean56tcnlv368ca9n9gv""]","[""bc1qcqjuu9k6ndnujexjdvhhmj563n76dq48trhh76""]",[0.532123],[0.532003],0.00012,P2TR
tx-rec-000686,2026-03-01T14:53:53+00:00,tx_norm_000686,"[""bc1q0v5596p00t8c62rjrhsj4jy2tvjgy2hephx33m""]","[""bc1qatmdnmprpunwnaglr3ar65kzjxu9uhtrc4y5yv""]",[2.55834],[2.55822],0.00012,P2SH
tx-rec-000687,2026-03-01T14:54:04+00:00,tx_norm_000687,"[""bc1qn5hzcqnvvvecqsv23nxzrf4nvgqw2tad5jlt63""]","[""bc1q8sv3gq3l2kjl5cj47l3jtgjg2gtreurl2d3zx3""]",[2.13153],[2.13141],0.00012,P2PKH
tx-rec-000688,2026-03-01T14:54:18+00:00,tx_norm_000688,"[""bc1qnma43znv9qwa5swttmpprnz9fe2ql7r8ktxpjv""]","[""bc1q38qalhjfrcq99474ks67hrzja47860k9zkq5vh"", ""bc1q9enf0pknmslq3x4ta3sgephk5etky5pxtrdykk""]",[3.498728],"[3.303416, 0.195192]",0.00012,P2PKH
tx-rec-000689,2026-03-01T14:54:59+00:00,tx_norm_000689,"[""bc1qjuaalzh5kdkkgc7ql8s2rqtepuzh2jlvvgjgrf""]","[""bc1qu857msn6shssgxlnmvn53ga92jag2u3vvmjgkt""]",[2.415708],[2.415588],0.00012,P2WPKH
tx-rec-000690,2026-03-01T14:55:18+00:00,tx_norm_000690,"[""bc1qvjf54hm2tj4h5muwsnjd2j8ttelrsq45h8vawf""]","[""bc1qwgtnch524wcqj68ggj6dafcmtn34parpxvcl5d""]",[1.567695],[1.567575],0.00012,P2PKH
tx-rec-000691,2026-03-01T14:56:18+00:00,tx_norm_000691,"[""bc1qdtkm3azrjsu3zngpdwsn6yfx2456cqdywv9nk5""]","[""bc1q40mkyarwdfnj68u76tvvxzgka34rhc5n4mwcgm"", ""bc1qq4s8cuyajq265qr4m7xegtq4fxulsgpy5hj2xu""]",[2.92556],"[1.522348, 1.403092]",0.00012,P2TR
tx-rec-000692,2026-03-01T14:56:51+00:00,tx_norm_000692,"[""bc1q75qxvc0lxsvvydye4a56ytyn6yqxt8l6aq5ryy""]","[""bc1qsdeljr33auxdy9m7xl9f43aytywulqylssyggl""]",[3.338487],[3.338367],0.00012,P2SH
tx-rec-000693,2026-03-01T14:57:26+00:00,tx_norm_000693,"[""bc1qezy2mxy8lx5r8z6w3qnwg983940erzwhek4hvn""]","[""bc1qzhsd8sragjejpvtm6jg6ypyrhd8h3d27xdhg2z""]",[1.964329],[1.964209],0.00012,P2SH
tx-rec-000694,2026-03-01T14:57:46+00:00,tx_norm_000694,"[""bc1qszz4p9ux2z8vtduv6ltqx0qyll7zwhah388j0x""]","[""bc1qw3j9xdyc0srrgpd3k7f79ucllhcp24tg4vg0y7""]",[1.111048],[1.110928],0.00012,P2TR
tx-rec-000695,2026-03-01T14:58:29+00:00,tx_norm_000695,"[""bc1qxvanm5sksj0c0xwua2wy3h3ss5hk9vf7kr7azn""]","[""bc1qy4zh8m7xksekd9jh4zhuxdfl859xlf5ceuhnp9"", ""bc1qcuy2s3h7uuu4s8sgr2gsjzhpacn2xj9n7wv74n""]",[1.448041],"[0.260054, 1.187867]",0.00012,P2PKH
tx-rec-000696,2026-03-01T14:58:57+00:00,tx_norm_000696,"[""bc1qt6gfp8gargkathudyzgaejyut59nvk4vvas9w5""]","[""bc1qx2fssznfzevxeppknd6kjr800apkku8d9xr4tf""]",[1.084925],[1.084805],0.00012,P2WPKH
tx-rec-000697,2026-03-01T14:59:21+00:00,tx_norm_000697,"[""bc1qkqq6y035xf3832ezmjqmyung7pta2mj862806z""]","[""bc1qz5j0ngrn5fpv34sleyc593kmmsqvpajjra2wyh""]",[2.332483],[2.332363],0.00012,P2TR
tx-rec-000698,2026-03-01T14:59:58+00:00,tx_norm_000698,"[""bc1qcat4vnp6z866ky8e6nf0m7leq7st34v6cg9vjn""]","[""bc1q3p65c898syar0nq24aejwqa4xam855rmfkhkp7""]",[2.917391],[2.917271],0.00012,P2SH
tx-rec-000699,2026-03-01T15:00:33+00:00,tx_norm_000699,"[""bc1qz5dkcg984aem8v6clcshjha0yjy7d2hwnhkvfw""]","[""bc1qv3fn7qh8n0ss4f6yj28vgtpzmywmrjukwrh98n""]",[2.663646],[2.663526],0.00012,P2PKH
tx-rec-000700,2026-03-01T15:00:54+00:00,tx_norm_000700,"[""bc1qpm706a3vaehp3k6wdg9g892sp3dkzlkuufkvhw""]","[""bc1qyqemyaetupurpjnfdd67yh853v4suw2cs5e6us""]",[3.596969],[3.596849],0.00012,P2SH
tx-rec-000701,2026-03-01T15:01:19+00:00,tx_norm_000701,"[""bc1q76dr9uxk35a9d0ne60vs8rpkejhkmcn4j3u5v7""]","[""bc1qee9f8sxtpartfv6anm9m702k649qr85hcatzgt"", ""bc1qatmdnmprpunwnaglr3ar65kzjxu9uhtrc4y5yv""]",[1.839451],"[1.251412, 0.587919]",0.00012,P2WPKH
tx-rec-000702,2026-03-01T15:01:36+00:00,tx_norm_000702,"[""bc1qvjf54hm2tj4h5muwsnjd2j8ttelrsq45h8vawf""]","[""bc1qakj6y5prmulu02nlnsfnhnayhtpa32gh7mcqrv""]",[1.995568],[1.995448],0.00012,P2WPKH
tx-rec-000703,2026-03-01T15:02:19+00:00,tx_norm_000703,"[""bc1qy4zh8m7xksekd9jh4zhuxdfl859xlf5ceuhnp9""]","[""bc1quw6459ts6pc3dratc9avhvly3wjvea2v57flxg""]",[2.539402],[2.539282],0.00012,P2SH
tx-rec-000704,2026-03-01T15:03:15+00:00,tx_norm_000704,"[""bc1qkaxudtg2w7jy6yk03psvf4kqzsnyr5gc32tkl8""]","[""bc1qarmcwzcwd7yxe8r5rl6dn2w9k2zpn0qfekh5qn""]",[1.139454],[1.139334],0.00012,P2WPKH
tx-rec-000705,2026-03-01T15:04:05+00:00,tx_norm_000705,"[""bc1q4hmjzzx5vldpsys03922tjnjfq3km9aj7tkenu""]","[""bc1qd94lr8j2v8he5xvkxrfcfr93djw6tzy3gavck0""]",[1.239913],[1.239793],0.00012,P2SH
tx-rec-000706,2026-03-01T15:04:17+00:00,tx_norm_000706,"[""bc1qv3h8z28ne8gtgvg4hn4fk03mmaj7pyd28gkmhp""]","[""bc1qq4s8cuyajq265qr4m7xegtq4fxulsgpy5hj2xu""]",[3.3739],[3.37378],0.00012,P2SH
tx-rec-000707,2026-03-01T15:05:00+00:00,tx_norm_000707,"[""bc1qalldcf088rfu5rwgdak6muv5k9w330j0lelxkk""]","[""bc1qh3wqjwtpm4s6zzt5fzfznu9xx3eec9gvtmjff5"", ""bc1qfn77ursvuj6aj5vw07uu8gxq9ujn40dm6vld6w""]",[4.431375],"[3.197847, 1.233408]",0.00012,P2WPKH
tx-rec-000708,2026-03-01T15:05:20+00:00,tx_norm_000708,"[""bc1q8sv3gq3l2kjl5cj47l3jtgjg2gtreurl2d3zx3""]","[""bc1qcat4vnp6z866ky8e6nf0m7leq7st34v6cg9vjn""]",[2.762144],[2.762024],0.00012,P2TR
tx-rec-000709,2026-03-01T15:05:59+00:00,tx_norm_000709,"[""bc1qz5dkcg984aem8v6clcshjha0yjy7d2hwnhkvfw""]","[""bc1q0gma8qqgpxtnpxfknxu36arla4qqyjh32fc93y"", ""bc1qqfry9tkhfr9vu3w8gme0v67tcwq90y3rhsqnht""]",[2.437659],"[0.98442, 1.453119]",0.00012,P2TR
tx-rec-000710,2026-03-01T15:06:04+00:00,tx_norm_000710,"[""bc1q55awtvw784swfm5xvztw0rcxtvt9t4vv8ugat8""]","[""bc1qrzytdt0kgppluy480wkx83uxaf5yah4w5gpryf"", ""bc1qldqn65772d9kcqa9vzp4ytxzv5v8qusphl9fgn""]",[3.863891],"[3.127106, 0.736665]",0.00012,P2WPKH
tx-rec-000711,2026-03-01T15:06:41+00:00,tx_norm_000711,"[""bc1q7lamglhs7ws80f8duwy0pvr4j8h2zq3xwjqdz3""]","[""bc1qtcf5eshvaqtxkyk587nxv3r79pmv7srkhvcy0x"", ""bc1quynh6t6rhxkn22vypsfu8q0jdmpmhh0k0j9z0u""]",[1.750364],"[0.770886, 0.979358]",0.00012,P2TR
tx-rec-000712,2026-03-01T15:07:24+00:00,tx_norm_000712,"[""bc1qcpe6g5m0el0n5g2e7csesu930kzdnsnsy7055p""]","[""bc1q3spdn2zpesyf09jjllgesljd04fy4y5ag7hhgq""]",[1.686047],[1.685927],0.00012,P2SH
tx-rec-000713,2026-03-01T15:07:40+00:00,tx_norm_000713,"[""bc1qqfry9tkhfr9vu3w8gme0v67tcwq90y3rhsqnht""]","[""bc1qqdg9h7kxq5ml8pjn2fq4s0kxfxwh7ycnx3lkrx""]",[2.927798],[2.927678],0.00012,P2PKH
tx-rec-000714,2026-03-01T15:08:39+00:00,tx_norm_000714,"[""bc1q55awtvw784swfm5xvztw0rcxtvt9t4vv8ugat8""]","[""bc1qfy8gd02j8zd0xunt5auq5qg039ukrj4aa2ftg4""]",[0.41831],[0.41819],0.00012,P2SH
tx-rec-000715,2026-03-01T15:09:34+00:00,tx_norm_000715,"[""bc1qsjn93a9ck58qq3fkf7fwlqvse0dsvyfrkm88f0""]","[""bc1qh4lupjq9dm3x7hw3t2kyfdqu923ayy4rk7j8n6""]",[2.862044],[2.861924],0.00012,P2PKH
tx-rec-000716,2026-03-01T15:10:21+00:00,tx_norm_000716,"[""bc1q7lamglhs7ws80f8duwy0pvr4j8h2zq3xwjqdz3""]","[""bc1qmzn0uapy544k9mq7n9hwv3f90sn9rkf03wwkul""]",[0.043017],[0.042897],0.00012,P2WPKH
tx-rec-000717,2026-03-01T15:10:44+00:00,tx_norm_000717,"[""bc1quynh6t6rhxkn22vypsfu8q0jdmpmhh0k0j9z0u""]","[""bc1qr7fcdrsl326mp9phg9s4faphp2em0a759c0r6e""]",[0.891348],[0.891228],0.00012,P2WPKH
tx-rec-000718,2026-03-01T15:11:24+00:00,tx_norm_000718,"[""bc1qkqaudpzltrq0hytslrl6nmu5p2y40c5qfsxvr2""]","[""bc1qsdeljr33auxdy9m7xl9f43aytywulqylssyggl"", ""bc1q0p6769w2m8afk2957wjnttztdkhxje6c8ws2zj""]",[1.457338],"[0.913813, 0.543405]",0.00012,P2SH
tx-rec-000719,2026-03-01T15:11:39+00:00,tx_norm_000719,"[""bc1qcqjuu9k6ndnujexjdvhhmj563n76dq48trhh76""]","[""bc1q7qtl40nqcd5n9vfd9psfthdk9adqrvprgq67ec""]",[1.478801],[1.478681],0.00012,P2PKH
tx-rec-000720,2026-03-01T15:11:54+00:00,tx_norm_000720,"[""bc1qv3fn7qh8n0ss4f6yj28vgtpzmywmrjukwrh98n""]","[""bc1qdjp9z0egr8gt50uz5udnnl9u03wg5wuc2g6lue""]",[2.852174],[2.852054],0.00012,P2WPKH
tx-rec-000721,2026-03-01T15:12:50+00:00,tx_norm_000721,"[""bc1qcat4vnp6z866ky8e6nf0m7leq7st34v6cg9vjn""]","[""bc1qqfry9tkhfr9vu3w8gme0v67tcwq90y3rhsqnht""]",[0.373024],[0.372904],0.00012,P2SH
tx-rec-000722,2026-03-01T15:13:10+00:00,tx_norm_000722,"[""bc1qhdyfpp3mtq35qnrc40ad956gkf0d3mceae3wwz""]","[""bc1qp63vacy36erkw3mmh0y6w6477qrr9a82lu5dfa"", ""bc1q39nkczjgm4qvnsr7g8cgf4fpd5x3u34rtklkc4""]",[1.133275],"[0.641896, 0.491259]",0.00012,P2PKH
tx-rec-000723,2026-03-01T15:13:30+00:00,tx_norm_000723,"[""bc1qnma43znv9qwa5swttmpprnz9fe2ql7r8ktxpjv""]","[""bc1q3pamfqd2vdz9zy3ndtpy5mt23sdelmpydsljen""]",[1.678438],[1.678318],0.00012,P2TR
tx-rec-000724,2026-03-01T15:14:03+00:00,tx_norm_000724,"[""bc1q0v5596p00t8c62rjrhsj4jy2tvjgy2hephx33m""]","[""bc1qr7fcdrsl326mp9phg9s4faphp2em0a759c0r6e"", ""bc1qq4s8cuyajq265qr4m7xegtq4fxulsgpy5hj2xu""]",[1.112816],"[0.39091, 0.721786]",0.00012,P2SH
tx-rec-000725,2026-03-01T15:14:55+00:00,tx_norm_000725,"[""bc1qdlyf60rpyq3643wk0es395nwa8an5u0pvchzk9""]","[""bc1q3p65c898syar0nq24aejwqa4xam855rmfkhkp7""]",[3.275625],[3.275505],0.00012,P2PKH
tx-rec-000726,2026-03-01T15:15:34+00:00,tx_norm_000726,"[""bc1q2xmphldtc863jfk387cd7sjzuz0pgwmmypcxye""]","[""bc1qyqemyaetupurpjnfdd67yh853v4suw2cs5e6us""]",[0.79384],[0.79372],0.00012,P2TR
tx-rec-000727,2026-03-01T15:16:29+00:00,tx_norm_000727,"[""bc1qdkx904vy7ln6sdphrwean56tcnlv368ca9n9gv""]","[""bc1qq5n6x9n9dw6eaq8nq0h58p0quzf53er4cw5ss5"", ""bc1qpfuh30sa9k6grsk44sudu2rkz4usazgdugzs8t""]",[2.283113],"[1.3211, 0.961893]",0.00012,P2TR
tx-rec-000728,2026-03-01T15:17:12+00:00,tx_norm_000728,"[""bc1qr5f4hfy2dgyv4pkzde74vgpnm0t85l3s77vc5w""]","[""bc1qx6w6xzehxyxw0l4zazkhyvg746g96rtls6vwuj"", ""bc1q043nzp8cyj0u83pu3xhdw9ypxh7rv778m54xpp""]",[1.639283],"[0.560663, 1.0785]",0.00012,P2TR
tx-rec-000729,2026-03-01T15:17:27+00:00,tx_norm_000729,"[""bc1q40mkyarwdfnj68u76tvvxzgka34rhc5n4mwcgm""]","[""bc1qx2fssznfzevxeppknd6kjr800apkku8d9xr4tf""]",[0.801538],[0.801418],0.00012,P2TR
tx-rec-000730,2026-03-01T15:17:49+00:00,tx_norm_000730,"[""bc1qqjut3v20xvllqf40ctmux3v8ljeacc6j4jwdru""]","[""bc1qv3h8z28ne8gtgvg4hn4fk03mmaj7pyd28gkmhp"", ""bc1q75qxvc0lxsvvydye4a56ytyn6yqxt8l6aq5ryy""]",[2.451603],"[1.12266, 1.328823]",0.00012,P2PKH
tx-rec-000731,2026-03-01T15:18:37+00:00,tx_norm_000731,"[""bc1qh4lupjq9dm3x7hw3t2kyfdqu923ayy4rk7j8n6""]","[""bc1q7lamglhs7ws80f8duwy0pvr4j8h2zq3xwjqdz3""]",[0.94358],[0.94346],0.00012,P2TR
tx-rec-000732,2026-03-01T15:19:27+00:00,tx_norm_000732,"[""bc1qzhsd8sragjejpvtm6jg6ypyrhd8h3d27xdhg2z""]","[""bc1qxg98k9lwe8zj324ntf3ezjzv0rpk9n4fgyw9j6""]",[1.500325],[1.500205],0.00012,P2TR
tx-rec-000733,2026-03-01T15:19:33+00:00,tx_norm_000733,"[""bc1qcat4vnp6z866ky8e6nf0m7leq7st34v6cg9vjn""]","[""bc1quynh6t6rhxkn22vypsfu8q0jdmpmhh0k0j9z0u""]",[2.789586],[2.789466],0.00012,P2PKH
tx-rec-000734,2026-03-01T15:20:05+00:00,tx_norm_000734,"[""bc1qu857msn6shssgxlnmvn53ga92jag2u3vvmjgkt""]","[""bc1qkqaudpzltrq0hytslrl6nmu5p2y40c5qfsxvr2""]",[0.883921],[0.883801],0.00012,P2WPKH
tx-rec-000735,2026-03-01T15:20:40+00:00,tx_norm_000735,"[""bc1qsns7kxgq4zm86kk3zxg4uhqj9uz8kexjwv9tfx""]","[""bc1qn5hzcqnvvvecqsv23nxzrf4nvgqw2tad5jlt63""]",[0.847701],[0.847581],0.00012,P2SH
tx-rec-000736,2026-03-01T15:21:39+00:00,tx_norm_000736,"[""bc1qgj48cl883n8wv38p75xlhtt74ffgrpz4ecv87g""]","[""bc1q3p65c898syar0nq24aejwqa4xam855rmfkhkp7""]",[1.406899],[1.406779],0.00012,P2PKH
tx-rec-000737,2026-03-01T15:22:29+00:00,tx_norm_000737,"[""bc1qc694t02thmd363mxzn2nqt58ztstg7qd5whgaq""]","[""bc1qsns7kxgq4zm86kk3zxg4uhqj9uz8kexjwv9tfx""]",[0.360309],[0.360189],0.00012,P2PKH
tx-rec-000738,2026-03-01T15:22:50+00:00,tx_norm_000738,"[""bc1qraafea5fypwmak0aflngg7hwt63jncusp8708h""]","[""bc1qz5j0ngrn5fpv34sleyc593kmmsqvpajjra2wyh""]",[3.588699],[3.588579],0.00012,P2WPKH
tx-rec-000739,2026-03-01T15:23:04+00:00,tx_norm_000739,"[""bc1q043nzp8cyj0u83pu3xhdw9ypxh7rv778m54xpp""]","[""bc1quynh6t6rhxkn22vypsfu8q0jdmpmhh0k0j9z0u""]",[1.076004],[1.075884],0.00012,P2SH
tx-rec-000740,2026-03-01T15:23:35+00:00,tx_norm_000740,"[""bc1q3pamfqd2vdz9zy3ndtpy5mt23sdelmpydsljen""]","[""bc1qjuaalzh5kdkkgc7ql8s2rqtepuzh2jlvvgjgrf"", ""bc1qv3fn7qh8n0ss4f6yj28vgtpzmywmrjukwrh98n""]",[2.975796],"[2.006353, 0.969323]",0.00012,P2SH
tx-rec-000741,2026-03-01T15:23:58+00:00,tx_norm_000741,"[""bc1qp3qrv23fgmarr4qq6yjtr65s9ws0t93ql3gdhl""]","[""bc1q8eue4llkpkygqgaqutfhn8pqt3zhejxqktdwkn""]",[3.627172],[3.627052],0.00012,P2SH
tx-rec-000742,2026-03-01T15:24:04+00:00,tx_norm_000742,"[""bc1qcqjuu9k6ndnujexjdvhhmj563n76dq48trhh76""]","[""bc1qrzytdt0kgppluy480wkx83uxaf5yah4w5gpryf"", ""bc1q9enf0pknmslq3x4ta3sgephk5etky5pxtrdykk""]",[2.564363],"[2.322129, 0.242114]",0.00012,P2SH
tx-rec-000743,2026-03-01T15:24:43+00:00,tx_norm_000743,"[""bc1qqfry9tkhfr9vu3w8gme0v67tcwq90y3rhsqnht""]","[""bc1q40mkyarwdfnj68u76tvvxzgka34rhc5n4mwcgm""]",[1.783575],[1.783455],0.00012,P2SH
tx-rec-000744,2026-03-01T15:24:57+00:00,tx_norm_000744,"[""bc1qz5j0ngrn5fpv34sleyc593kmmsqvpajjra2wyh""]","[""bc1qvm8x5g990twp6gdlnf9v7eh8llzazp9lpr2mhw"", ""bc1qdh7qdv965l8498fe5y5t6hzvjrtakleq2uhngc""]",[1.290143],"[0.949511, 0.340512]",0.00012,P2WPKH
tx-rec-000745,2026-03-01T15:25:34+00:00,tx_norm_000745,"[""bc1qu02l6n2l296yml0rpa3gzv6umtu6p9rcgl8e47""]","[""bc1qxg98k9lwe8zj324ntf3ezjzv0rpk9n4fgyw9j6""]",[1.931131],[1.931011],0.00012,P2TR
tx-rec-000746,2026-03-01T15:25:47+00:00,tx_norm_000746,"[""bc1qjuaalzh5kdkkgc7ql8s2rqtepuzh2jlvvgjgrf""]","[""bc1q6y36mp84w8mmfljx7q8epacs3gzz379xwwd6uq""]",[1.808682],[1.808562],0.00012,P2SH
tx-rec-000747,2026-03-01T15:26:47+00:00,tx_norm_000747,"[""bc1q75qxvc0lxsvvydye4a56ytyn6yqxt8l6aq5ryy""]","[""bc1qkqq6y035xf3832ezmjqmyung7pta2mj862806z""]",[1.416969],[1.416849],0.00012,P2TR
tx-rec-000748,2026-03-01T15:27:07+00:00,tx_norm_000748,"[""bc1qhdyfpp3mtq35qnrc40ad956gkf0d3mceae3wwz""]","[""bc1qn5hzcqnvvvecqsv23nxzrf4nvgqw2tad5jlt63""]",[2.735874],[2.735754],0.00012,P2SH
tx-rec-000749,2026-03-01T15:27:52+00:00,tx_norm_000749,"[""bc1q75qxvc0lxsvvydye4a56ytyn6yqxt8l6aq5ryy""]","[""bc1q2xmphldtc863jfk387cd7sjzuz0pgwmmypcxye""]",[0.167662],[0.167542],0.00012,P2SH
tx-rec-000750,2026-03-01T15:27:57+00:00,tx_norm_000750,"[""bc1qfy8gd02j8zd0xunt5auq5qg039ukrj4aa2ftg4""]","[""bc1ql6e5ah3ffh398nm74aycmtccuvz5cy7cyyaqhl""]",[2.038714],[2.038594],0.00012,P2TR
tx-rec-000751,2026-03-01T15:28:37+00:00,tx_norm_000751,"[""bc1q4hmjzzx5vldpsys03922tjnjfq3km9aj7tkenu""]","[""bc1qq4s8cuyajq265qr4m7xegtq4fxulsgpy5hj2xu""]",[1.55811],[1.55799],0.00012,P2WPKH
tx-rec-000752,2026-03-01T15:29:32+00:00,tx_norm_000752,"[""bc1q75qxvc0lxsvvydye4a56ytyn6yqxt8l6aq5ryy""]","[""bc1q45u3lfy89ctqrc937sl56gfky7a946puq2uc38""]",[2.767198],[2.767078],0.00012,P2WPKH
tx-rec-000753,2026-03-01T15:30:10+00:00,tx_norm_000753,"[""bc1qh4lupjq9dm3x7hw3t2kyfdqu923ayy4rk7j8n6""]","[""bc1qsw0742mq2re87v2jaurcmpca5p8a2ywxnfhzyp""]",[0.646833],[0.646713],0.00012,P2SH
tx-rec-000754,2026-03-01T15:31:06+00:00,tx_norm_000754,"[""bc1qgj48cl883n8wv38p75xlhtt74ffgrpz4ecv87g""]","[""bc1q0v5596p00t8c62rjrhsj4jy2tvjgy2hephx33m""]",[0.287409],[0.287289],0.00012,P2WPKH
tx-rec-000755,2026-03-01T15:31:18+00:00,tx_norm_000755,"[""bc1q75qxvc0lxsvvydye4a56ytyn6yqxt8l6aq5ryy""]","[""bc1qcuy2s3h7uuu4s8sgr2gsjzhpacn2xj9n7wv74n""]",[1.590848],[1.590728],0.00012,P2WPKH
tx-rec-000756,2026-03-01T15:31:24+00:00,tx_norm_000756,"[""bc1q84rhek99gzaxh4vgwg3pvcd3kwvqxntj475t0k""]","[""bc1qmmldvmuqam354a6qjf5e6nqnzkh5cg2d05uyjh"", ""bc1qptx4457ju9edelz8pvnvs3ek206hftlv4j27vw""]",[1.954233],"[0.769012, 1.185101]",0.00012,P2SH
tx-rec-000757,2026-03-01T15:31:57+00:00,tx_norm_000757,"[""bc1qmsk2hmhzwvhzx98l2thkjep6zqgq07lcm9k8hm""]","[""bc1q0p6769w2m8afk2957wjnttztdkhxje6c8ws2zj""]",[3.044686],[3.044566],0.00012,P2WPKH
tx-rec-000758,2026-03-01T15:32:27+00:00,tx_norm_000758,"[""bc1qqjut3v20xvllqf40ctmux3v8ljeacc6j4jwdru""]","[""bc1q0gma8qqgpxtnpxfknxu36arla4qqyjh32fc93y"", ""bc1qhdyfpp3mtq35qnrc40ad956gkf0d3mceae3wwz""]",[0.522182],"[0.067974, 0.454088]",0.00012,P2TR
tx-rec-000759,2026-03-01T15:33:01+00:00,tx_norm_000759,"[""bc1q6ed0puz5x4f29cqpsllzpcjq4p8dpeukz2n6vv""]","[""bc1ql6e5ah3ffh398nm74aycmtccuvz5cy7cyyaqhl"", ""bc1q38qalhjfrcq99474ks67hrzja47860k9zkq5vh""]",[2.115916],"[1.433676, 0.68212]",0.00012,P2PKH
tx-rec-000760,2026-03-01T15:33:21+00:00,tx_norm_000760,"[""bc1q0gma8qqgpxtnpxfknxu36arla4qqyjh32fc93y""]","[""bc1qee9f8sxtpartfv6anm9m702k649qr85hcatzgt"", ""bc1qx6w6xzehxyxw0l4zazkhyvg746g96rtls6vwuj""]",[2.640375],"[2.465888, 0.174367]",0.00012,P2TR
tx-rec-000761,2026-03-01T15:33:50+00:00,tx_norm_000761,"[""bc1qdlyf60rpyq3643wk0es395nwa8an5u0pvchzk9""]","[""bc1qfn77ursvuj6aj5vw07uu8gxq9ujn40dm6vld6w"", ""bc1qwm0j85fm8fp3z3jjzkehnz90tdrnsrc2ku6sgq""]",[3.955078],"[3.358274, 0.596684]",0.00012,P2TR
tx-rec-000762,2026-03-01T15:33:57+00:00,tx_norm_000762,"[""bc1qh4lupjq9dm3x7hw3t2kyfdqu923ayy4rk7j8n6""]","[""bc1qdh7qdv965l8498fe5y5t6hzvjrtakleq2uhngc"", ""bc1qakj6y5prmulu02nlnsfnhnayhtpa32gh7mcqrv""]",[3.633377],"[3.262386, 0.370871]",0.00012,P2SH
tx-rec-000763,2026-03-01T15:34:02+00:00,tx_norm_000763,"[""bc1qsjn93a9ck58qq3fkf7fwlqvse0dsvyfrkm88f0""]","[""bc1qulyzp92shnx6lnh3dcpvcqayukgcczejzpkf7d""]",[2.867099],[2.866979],0.00012,P2PKH
tx-rec-000764,2026-03-01T15:34:08+00:00,tx_norm_000764,"[""bc1qldqn65772d9kcqa9vzp4ytxzv5v8qusphl9fgn""]","[""bc1q0v5596p00t8c62rjrhsj4jy2tvjgy2hephx33m""]",[2.430063],[2.429943],0.00012,P2TR
tx-rec-000765,2026-03-01T15:34:38+00:00,tx_norm_000765,"[""bc1qakj6y5prmulu02nlnsfnhnayhtpa32gh7mcqrv""]","[""bc1qcqjuu9k6ndnujexjdvhhmj563n76dq48trhh76""]",[2.361821],[2.361701],0.00012,P2WPKH
tx-rec-000766,2026-03-01T15:35:01+00:00,tx_norm_000766,"[""bc1qqdg9h7kxq5ml8pjn2fq4s0kxfxwh7ycnx3lkrx""]","[""bc1q6y36mp84w8mmfljx7q8epacs3gzz379xwwd6uq""]",[3.085826],[3.085706],0.00012,P2TR
tx-rec-000767,2026-03-01T15:35:54+00:00,tx_norm_000767,"[""bc1qcat4vnp6z866ky8e6nf0m7leq7st34v6cg9vjn""]","[""bc1quynh6t6rhxkn22vypsfu8q0jdmpmhh0k0j9z0u"", ""bc1qalldcf088rfu5rwgdak6muv5k9w330j0lelxkk""]",[3.8085],"[2.941194, 0.867186]",0.00012,P2PKH
tx-rec-000768,2026-03-01T15:36:08+00:00,tx_norm_000768,"[""bc1qh4lupjq9dm3x7hw3t2kyfdqu923ayy4rk7j8n6""]","[""bc1qvjf54hm2tj4h5muwsnjd2j8ttelrsq45h8vawf""]",[1.458242],[1.458122],0.00012,P2TR
tx-rec-000769,2026-03-01T15:36:59+00:00,tx_norm_000769,"[""bc1qv3h8z28ne8gtgvg4hn4fk03mmaj7pyd28gkmhp""]","[""bc1qh3wqjwtpm4s6zzt5fzfznu9xx3eec9gvtmjff5"", ""bc1qh4lupjq9dm3x7hw3t2kyfdqu923ayy4rk7j8n6""]",[1.40701],"[1.032022, 0.374868]",0.00012,P2TR
tx-rec-000770,2026-03-01T15:37:21+00:00,tx_norm_000770,"[""bc1q8sv3gq3l2kjl5cj47l3jtgjg2gtreurl2d3zx3""]","[""bc1q39nkczjgm4qvnsr7g8cgf4fpd5x3u34rtklkc4""]",[0.166193],[0.166073],0.00012,P2SH
tx-rec-000771,2026-03-01T15:37:38+00:00,tx_norm_000771,"[""bc1qtcf5eshvaqtxkyk587nxv3r79pmv7srkhvcy0x""]","[""bc1q45u3lfy89ctqrc937sl56gfky7a946puq2uc38""]",[0.749759],[0.749639],0.00012,P2SH
tx-rec-000772,2026-03-01T15:38:10+00:00,tx_norm_000772,"[""bc1qp3qrv23fgmarr4qq6yjtr65s9ws0t93ql3gdhl""]","[""bc1q45u3lfy89ctqrc937sl56gfky7a946puq2uc38""]",[0.986164],[0.986044],0.00012,P2PKH
tx-rec-000773,2026-03-01T15:38:19+00:00,tx_norm_000773,"[""bc1qsns7kxgq4zm86kk3zxg4uhqj9uz8kexjwv9tfx""]","[""bc1qmsk2hmhzwvhzx98l2thkjep6zqgq07lcm9k8hm""]",[0.149158],[0.149038],0.00012,P2PKH
tx-rec-000774,2026-03-01T15:38:38+00:00,tx_norm_000774,"[""bc1ql6e5ah3ffh398nm74aycmtccuvz5cy7cyyaqhl""]","[""bc1q76dr9uxk35a9d0ne60vs8rpkejhkmcn4j3u5v7""]",[3.777823],[3.777703],0.00012,P2TR
tx-rec-000775,2026-03-01T15:38:50+00:00,tx_norm_000775,"[""bc1qraafea5fypwmak0aflngg7hwt63jncusp8708h""]","[""bc1quw6459ts6pc3dratc9avhvly3wjvea2v57flxg""]",[1.772306],[1.772186],0.00012,P2WPKH
tx-rec-000776,2026-03-01T15:39:49+00:00,tx_norm_000776,"[""bc1q8eue4llkpkygqgaqutfhn8pqt3zhejxqktdwkn""]","[""bc1qwgtnch524wcqj68ggj6dafcmtn34parpxvcl5d""]",[2.223852],[2.223732],0.00012,P2WPKH
tx-rec-000777,2026-03-01T15:40:34+00:00,tx_norm_000777,"[""bc1qnma43znv9qwa5swttmpprnz9fe2ql7r8ktxpjv""]","[""bc1qdtkm3azrjsu3zngpdwsn6yfx2456cqdywv9nk5""]",[2.030317],[2.030197],0.00012,P2WPKH
tx-rec-000778,2026-03-01T15:41:30+00:00,tx_norm_000778,"[""bc1qszz4p9ux2z8vtduv6ltqx0qyll7zwhah388j0x""]","[""bc1q40mkyarwdfnj68u76tvvxzgka34rhc5n4mwcgm"", ""bc1qxg98k9lwe8zj324ntf3ezjzv0rpk9n4fgyw9j6""]",[4.159932],"[3.452389, 0.707423]",0.00012,P2WPKH
tx-rec-000779,2026-03-01T15:41:56+00:00,tx_norm_000779,"[""bc1qldqn65772d9kcqa9vzp4ytxzv5v8qusphl9fgn""]","[""bc1qnt3sga272xjzk9s7dsvc4dwrwezhhxjtr3mukc""]",[1.923292],[1.923172],0.00012,P2TR
tx-rec-000780,2026-03-01T15:42:04+00:00,tx_norm_000780,"[""bc1q0p6769w2m8afk2957wjnttztdkhxje6c8ws2zj""]","[""bc1qnt3sga272xjzk9s7dsvc4dwrwezhhxjtr3mukc"", ""bc1qkqq6y035xf3832ezmjqmyung7pta2mj862806z""]",[3.394717],"[3.087436, 0.307161]",0.00012,P2SH
tx-rec-000781,2026-03-01T15:43:03+00:00,tx_norm_000781,"[""bc1q40mkyarwdfnj68u76tvvxzgka34rhc5n4mwcgm""]","[""bc1q39nkczjgm4qvnsr7g8cgf4fpd5x3u34rtklkc4"", ""bc1qc694t02thmd363mxzn2nqt58ztstg7qd5whgaq""]",[3.706151],"[3.391469, 0.314562]",0.00012,P2PKH
tx-rec-000782,2026-03-01T15:43:52+00:00,tx_norm_000782,"[""bc1q4hmjzzx5vldpsys03922tjnjfq3km9aj7tkenu""]","[""bc1qpfuh30sa9k6grsk44sudu2rkz4usazgdugzs8t""]",[1.400828],[1.400708],0.00012,P2TR
tx-rec-000783,2026-03-01T15:44:33+00:00,tx_norm_000783,"[""bc1qakj6y5prmulu02nlnsfnhnayhtpa32gh7mcqrv""]","[""bc1qnt3sga272xjzk9s7dsvc4dwrwezhhxjtr3mukc"", ""bc1qmmldvmuqam354a6qjf5e6nqnzkh5cg2d05uyjh""]",[1.74495],"[0.316942, 1.427888]",0.00012,P2PKH
tx-rec-000784,2026-03-01T15:45:27+00:00,tx_norm_000784,"[""bc1q84rhek99gzaxh4vgwg3pvcd3kwvqxntj475t0k""]","[""bc1qh4lupjq9dm3x7hw3t2kyfdqu923ayy4rk7j8n6""]",[3.424503],[3.424383],0.00012,P2TR
tx-rec-000785,2026-03-01T15:45:41+00:00,tx_norm_000785,"[""bc1qtcf5eshvaqtxkyk587nxv3r79pmv7srkhvcy0x""]","[""bc1q3spdn2zpesyf09jjllgesljd04fy4y5ag7hhgq""]",[3.766909],[3.766789],0.00012,P2WPKH
tx-rec-000786,2026-03-01T15:45:53+00:00,tx_norm_000786,"[""bc1q3pamfqd2vdz9zy3ndtpy5mt23sdelmpydsljen""]","[""bc1qr7fcdrsl326mp9phg9s4faphp2em0a759c0r6e""]",[1.875789],[1.875669],0.00012,P2TR
tx-rec-000787,2026-03-01T15:46:35+00:00,tx_norm_000787,"[""bc1q0v5596p00t8c62rjrhsj4jy2tvjgy2hephx33m""]","[""bc1qsw0742mq2re87v2jaurcmpca5p8a2ywxnfhzyp"", ""bc1qu857msn6shssgxlnmvn53ga92jag2u3vvmjgkt""]",[2.613678],"[1.658756, 0.954802]",0.00012,P2SH
tx-rec-000788,2026-03-01T15:47:01+00:00,tx_norm_000788,"[""bc1qsns7kxgq4zm86kk3zxg4uhqj9uz8kexjwv9tfx""]","[""bc1q75qxvc0lxsvvydye4a56ytyn6yqxt8l6aq5ryy""]",[1.262984],[1.262864],0.00012,P2PKH
tx-rec-000789,2026-03-01T15:47:12+00:00,tx_norm_000789,"[""bc1qraafea5fypwmak0aflngg7hwt63jncusp8708h""]","[""bc1qv3fn7qh8n0ss4f6yj28vgtpzmywmrjukwrh98n"", ""bc1qd94lr8j2v8he5xvkxrfcfr93djw6tzy3gavck0""]",[3.766447],"[3.066367, 0.69996]",0.00012,P2PKH
tx-rec-000790,2026-03-01T15:48:07+00:00,tx_norm_000790,"[""bc1qcqjuu9k6ndnujexjdvhhmj563n76dq48trhh76""]","[""bc1qapp9m5u4r444779j7qa2h7xc0pxup53jr498za""]",[2.496564],[2.496444],0.00012,P2PKH
tx-rec-000791,2026-03-01T15:48:42+00:00,tx_norm_000791,"[""bc1qn5hzcqnvvvecqsv23nxzrf4nvgqw2tad5jlt63""]","[""bc1qgj48cl883n8wv38p75xlhtt74ffgrpz4ecv87g""]",[0.518363],[0.518243],0.00012,P2WPKH
tx-rec-000792,2026-03-01T15:49:30+00:00,tx_norm_000792,"[""bc1qcqshn6n09s6shs3mneye27d0cu7pn8qd5el6ua""]","[""bc1q76dr9uxk35a9d0ne60vs8rpkejhkmcn4j3u5v7""]",[3.184002],[3.183882],0.00012,P2PKH
tx-rec-000793,2026-03-01T15:49:37+00:00,tx_norm_000793,"[""bc1qjuaalzh5kdkkgc7ql8s2rqtepuzh2jlvvgjgrf""]","[""bc1qee9f8sxtpartfv6anm9m702k649qr85hcatzgt"", ""bc1q0p6769w2m8afk2957wjnttztdkhxje6c8ws2zj""]",[1.41146],"[1.196056, 0.215284]",0.00012,P2PKH
tx-rec-000794,2026-03-01T15:50:21+00:00,tx_norm_000794,"[""bc1qn098rpw3f07j07nk8lt0tqc5yc34vmtrkzekum""]","[""bc1q7qtl40nqcd5n9vfd9psfthdk9adqrvprgq67ec""]",[3.552329],[3.552209],0.00012,P2TR
tx-rec-000795,2026-03-01T15:51:18+00:00,tx_norm_000795,"[""bc1qcat4vnp6z866ky8e6nf0m7leq7st34v6cg9vjn""]","[""bc1qcpe6g5m0el0n5g2e7csesu930kzdnsnsy7055p"", ""bc1q043nzp8cyj0u83pu3xhdw9ypxh7rv778m54xpp""]",[1.869527],"[1.032885, 0.836522]",0.00012,P2WPKH
tx-rec-000796,2026-03-01T15:51:31+00:00,tx_norm_000796,"[""bc1q55awtvw784swfm5xvztw0rcxtvt9t4vv8ugat8""]","[""bc1q8eue4llkpkygqgaqutfhn8pqt3zhejxqktdwkn"", ""bc1qrqae6lyvnp9f0ss0xnm09taynfed9gpue4jpud""]",[3.52234],"[2.335715, 1.186505]",0.00012,P2PKH
tx-rec-000797,2026-03-01T15:52:07+00:00,tx_norm_000797,"[""bc1q75qxvc0lxsvvydye4a56ytyn6yqxt8l6aq5ryy""]","[""bc1q39nkczjgm4qvnsr7g8cgf4fpd5x3u34rtklkc4"", ""bc1qdh7qdv965l8498fe5y5t6hzvjrtakleq2uhngc""]",[3.228569],"[2.654328, 0.574121]",0.00012,P2SH
tx-rec-000798,2026-03-01T15:52:56+00:00,tx_norm_000798,"[""bc1q8eue4llkpkygqgaqutfhn8pqt3zhejxqktdwkn""]","[""bc1qu02l6n2l296yml0rpa3gzv6umtu6p9rcgl8e47""]",[1.745015],[1.744895],0.00012,P2WPKH
tx-rec-000799,2026-03-01T15:53:19+00:00,tx_norm_000799,"[""bc1qfn77ursvuj6aj5vw07uu8gxq9ujn40dm6vld6w""]","[""bc1q6ed0puz5x4f29cqpsllzpcjq4p8dpeukz2n6vv""]",[3.137403],[3.137283],0.00012,P2SH
tx-rec-000800,2026-03-01T15:54:14+00:00,tx_norm_000800,"[""bc1qsdeljr33auxdy9m7xl9f43aytywulqylssyggl""]","[""bc1q3pamfqd2vdz9zy3ndtpy5mt23sdelmpydsljen"", ""bc1q8eue4llkpkygqgaqutfhn8pqt3zhejxqktdwkn""]",[2.875081],"[2.566752, 0.308209]",0.00012,P2SH
tx-rec-000801,2026-03-01T15:54:21+00:00,tx_norm_000801,"[""bc1qraafea5fypwmak0aflngg7hwt63jncusp8708h""]","[""bc1qmzn0uapy544k9mq7n9hwv3f90sn9rkf03wwkul"", ""bc1qqfry9tkhfr9vu3w8gme0v67tcwq90y3rhsqnht""]",[3.762278],"[2.264642, 1.497516]",0.00012,P2SH
tx-rec-000802,2026-03-01T15:54:35+00:00,tx_norm_000802,"[""bc1qv3h8z28ne8gtgvg4hn4fk03mmaj7pyd28gkmhp""]","[""bc1q07cvy9nezky4z6y94frcmjel9q0xkrrpd3pccv""]",[1.091237],[1.091117],0.00012,P2WPKH
tx-rec-000803,2026-03-01T15:55:17+00:00,tx_norm_000803,"[""bc1qr7fcdrsl326mp9phg9s4faphp2em0a759c0r6e""]","[""bc1qv3h8z28ne8gtgvg4hn4fk03mmaj7pyd28gkmhp""]",[1.85686],[1.85674],0.00012,P2WPKH
tx-rec-000804,2026-03-01T15:56:07+00:00,tx_norm_000804,"[""bc1qr5f4hfy2dgyv4pkzde74vgpnm0t85l3s77vc5w""]","[""bc1qee9f8sxtpartfv6anm9m702k649qr85hcatzgt"", ""bc1qsns7kxgq4zm86kk3zxg4uhqj9uz8kexjwv9tfx""]",[2.471795],"[1.824563, 0.647112]",0.00012,P2WPKH
tx-rec-000805,2026-03-01T15:56:16+00:00,tx_norm_000805,"[""bc1q6y36mp84w8mmfljx7q8epacs3gzz379xwwd6uq""]","[""bc1qgj48cl883n8wv38p75xlhtt74ffgrpz4ecv87g""]",[3.239232],[3.239112],0.00012,P2TR
tx-rec-000806,2026-03-01T15:56:32+00:00,tx_norm_000806,"[""bc1qu02l6n2l296yml0rpa3gzv6umtu6p9rcgl8e47""]","[""bc1qmmldvmuqam354a6qjf5e6nqnzkh5cg2d05uyjh""]",[1.787293],[1.787173],0.00012,P2WPKH
tx-rec-000807,2026-03-01T15:57:05+00:00,tx_norm_000807,"[""bc1qvlhg62yhue3n25laz4smt8jggvzammry77p663""]","[""bc1qvjf54hm2tj4h5muwsnjd2j8ttelrsq45h8vawf""]",[1.262082],[1.261962],0.00012,P2TR
tx-rec-000808,2026-03-01T15:57:52+00:00,tx_norm_000808,"[""bc1q84rhek99gzaxh4vgwg3pvcd3kwvqxntj475t0k""]","[""bc1q76dr9uxk35a9d0ne60vs8rpkejhkmcn4j3u5v7""]",[2.894692],[2.894572],0.00012,P2SH
tx-rec-000809,2026-03-01T15:57:57+00:00,tx_norm_000809,"[""bc1qdh7qdv965l8498fe5y5t6hzvjrtakleq2uhngc""]","[""bc1q40mkyarwdfnj68u76tvvxzgka34rhc5n4mwcgm"", ""bc1qv3fn7qh8n0ss4f6yj28vgtpzmywmrjukwrh98n""]",[1.418041],"[0.636269, 0.781652]",0.00012,P2WPKH
tx-rec-000810,2026-03-01T15:58:11+00:00,tx_norm_000810,"[""bc1qf98xgvk2zuzxv6h7e2ez9tgfyzkq5aylkr2ljv""]","[""bc1qgzq6mnnljnadktgd9a0uvdh0xyh0fa80dfke6r""]",[0.544731],[0.544611],0.00012,P2TR
tx-rec-000811,2026-03-01T15:58:33+00:00,tx_norm_000811,"[""bc1qcuy2s3h7uuu4s8sgr2gsjzhpacn2xj9n7wv74n""]","[""bc1qrzytdt0kgppluy480wkx83uxaf5yah4w5gpryf""]",[2.776536],[2.776416],0.00012,P2PKH
tx-rec-000812,2026-03-01T15:59:18+00:00,tx_norm_000812,"[""bc1q57cpjc6xcdsrnqm78k8zaa7qcdxt94pezuytaa""]","[""bc1qv3h8z28ne8gtgvg4hn4fk03mmaj7pyd28gkmhp""]",[1.323813],[1.323693],0.00012,P2WPKH
tx-rec-000813,2026-03-01T15:59:23+00:00,tx_norm_000813,"[""bc1qcpe6g5m0el0n5g2e7csesu930kzdnsnsy7055p""]","[""bc1qcat4vnp6z866ky8e6nf0m7leq7st34v6cg9vjn""]",[2.971799],[2.971679],0.00012,P2SH
tx-rec-000814,2026-03-01T15:59:41+00:00,tx_norm_000814,"[""bc1q0gma8qqgpxtnpxfknxu36arla4qqyjh32fc93y""]","[""bc1qz5dkcg984aem8v6clcshjha0yjy7d2hwnhkvfw""]",[2.621088],[2.620968],0.00012,P2WPKH
tx-rec-000815,2026-03-01T16:00:19+00:00,tx_norm_000815,"[""bc1q8sv3gq3l2kjl5cj47l3jtgjg2gtreurl2d3zx3""]","[""bc1qgzq6mnnljnadktgd9a0uvdh0xyh0fa80dfke6r""]",[2.038107],[2.037987],0.00012,P2SH
tx-rec-000816,2026-03-01T16:00:51+00:00,tx_norm_000816,"[""bc1qkaxudtg2w7jy6yk03psvf4kqzsnyr5gc32tkl8""]","[""bc1qq4s8cuyajq265qr4m7xegtq4fxulsgpy5hj2xu""]",[3.082194],[3.082074],0.00012,P2WPKH
tx-rec-000817,2026-03-01T16:01:30+00:00,tx_norm_000817,"[""bc1qpxeyzck09msvuxqnskmsya6p66jefk5l9cq55c""]","[""bc1qhdyfpp3mtq35qnrc40ad956gkf0d3mceae3wwz""]",[0.176275],[0.176155],0.00012,P2TR
tx-rec-000818,2026-03-01T16:02:12+00:00,tx_norm_000818,"[""bc1qpm706a3vaehp3k6wdg9g892sp3dkzlkuufkvhw""]","[""bc1qzhsd8sragjejpvtm6jg6ypyrhd8h3d27xdhg2z""]",[0.24658],[0.24646],0.00012,P2TR
tx-rec-000819,2026-03-01T16:02:46+00:00,tx_norm_000819,"[""bc1qc694t02thmd363mxzn2nqt58ztstg7qd5whgaq""]","[""bc1qdlyf60rpyq3643wk0es395nwa8an5u0pvchzk9"", ""bc1q84rhek99gzaxh4vgwg3pvcd3kwvqxntj475t0k""]",[3.614527],"[2.345684, 1.268723]",0.00012,P2SH
tx-rec-000820,2026-03-01T16:03:19+00:00,tx_norm_000820,"[""bc1qwgtnch524wcqj68ggj6dafcmtn34parpxvcl5d""]","[""bc1q3pamfqd2vdz9zy3ndtpy5mt23sdelmpydsljen""]",[3.432988],[3.432868],0.00012,P2SH
tx-rec-000821,2026-03-01T16:04:06+00:00,tx_norm_000821,"[""bc1qee9f8sxtpartfv6anm9m702k649qr85hcatzgt""]","[""bc1qdjp9z0egr8gt50uz5udnnl9u03wg5wuc2g6lue"", ""bc1qq5n6x9n9dw6eaq8nq0h58p0quzf53er4cw5ss5""]",[1.403205],"[0.982176, 0.420909]",0.00012,P2SH
tx-rec-000822,2026-03-01T16:05:03+00:00,tx_norm_000822,"[""bc1qh23xwl2xcylsqe368uewcs5zrjz2fucsyes09z""]","[""bc1qr7fcdrsl326mp9phg9s4faphp2em0a759c0r6e""]",[1.531509],[1.531389],0.00012,P2PKH
tx-rec-000823,2026-03-01T16:05:59+00:00,tx_norm_000823,"[""bc1qzhsd8sragjejpvtm6jg6ypyrhd8h3d27xdhg2z""]","[""bc1qt6gfp8gargkathudyzgaejyut59nvk4vvas9w5""]",[2.063186],[2.063066],0.00012,P2TR
tx-rec-000824,2026-03-01T16:06:05+00:00,tx_norm_000824,"[""bc1qpfuh30sa9k6grsk44sudu2rkz4usazgdugzs8t""]","[""bc1qdkx904vy7ln6sdphrwean56tcnlv368ca9n9gv""]",[3.667856],[3.667736],0.00012,P2WPKH
tx-rec-000825,2026-03-01T16:06:59+00:00,tx_norm_000825,"[""bc1qszz4p9ux2z8vtduv6ltqx0qyll7zwhah388j0x""]","[""bc1qnma43znv9qwa5swttmpprnz9fe2ql7r8ktxpjv""]",[0.201967],[0.201847],0.00012,P2SH
tx-rec-000826,2026-03-01T16:07:38+00:00,tx_norm_000826,"[""bc1qrqae6lyvnp9f0ss0xnm09taynfed9gpue4jpud""]","[""bc1qp3qrv23fgmarr4qq6yjtr65s9ws0t93ql3gdhl"", ""bc1qr7fcdrsl326mp9phg9s4faphp2em0a759c0r6e""]",[2.506658],"[1.110657, 1.395881]",0.00012,P2TR
tx-rec-000827,2026-03-01T16:08:18+00:00,tx_norm_000827,"[""bc1qv3h8z28ne8gtgvg4hn4fk03mmaj7pyd28gkmhp""]","[""bc1qakj6y5prmulu02nlnsfnhnayhtpa32gh7mcqrv""]",[0.686595],[0.686475],0.00012,P2PKH
tx-rec-000828,2026-03-01T16:09:06+00:00,tx_norm_000828,"[""bc1qy4zh8m7xksekd9jh4zhuxdfl859xlf5ceuhnp9""]","[""bc1qraafea5fypwmak0aflngg7hwt63jncusp8708h"", ""bc1qmmldvmuqam354a6qjf5e6nqnzkh5cg2d05uyjh""]",[1.398226],"[1.269139, 0.128967]",0.00012,P2SH
tx-rec-000829,2026-03-01T16:09:58+00:00,tx_norm_000829,"[""bc1qq4s8cuyajq265qr4m7xegtq4fxulsgpy5hj2xu""]","[""bc1qwgtnch524wcqj68ggj6dafcmtn34parpxvcl5d"", ""bc1qu857msn6shssgxlnmvn53ga92jag2u3vvmjgkt""]",[1.336818],"[0.654892, 0.681806]",0.00012,P2TR
tx-rec-000830,2026-03-01T16:10:16+00:00,tx_norm_000830,"[""bc1qq4s8cuyajq265qr4m7xegtq4fxulsgpy5hj2xu""]","[""bc1qsns7kxgq4zm86kk3zxg4uhqj9uz8kexjwv9tfx""]",[1.394817],[1.394697],0.00012,P2WPKH
tx-rec-000831,2026-03-01T16:10:40+00:00,tx_norm_000831,"[""bc1q4hmjzzx5vldpsys03922tjnjfq3km9aj7tkenu""]","[""bc1qapp9m5u4r444779j7qa2h7xc0pxup53jr498za"", ""bc1qulyzp92shnx6lnh3dcpvcqayukgcczejzpkf7d""]",[3.437307],"[2.114677, 1.32251]",0.00012,P2PKH
tx-rec-000832,2026-03-01T16:11:00+00:00,tx_norm_000832,"[""bc1q55awtvw784swfm5xvztw0rcxtvt9t4vv8ugat8""]","[""bc1q40mkyarwdfnj68u76tvvxzgka34rhc5n4mwcgm""]",[2.967075],[2.966955],0.00012,P2WPKH
tx-rec-000833,2026-03-01T16:11:16+00:00,tx_norm_000833,"[""bc1ql7qs6mr4uy40apyeq3qn4svm4ztdfdjcvu4ynu""]","[""bc1qkaxudtg2w7jy6yk03psvf4kqzsnyr5gc32tkl8"", ""bc1q40mkyarwdfnj68u76tvvxzgka34rhc5n4mwcgm""]",[3.009604],"[1.740216, 1.269268]",0.00012,P2TR
tx-rec-000834,2026-03-01T16:11:53+00:00,tx_norm_000834,"[""bc1qqfry9tkhfr9vu3w8gme0v67tcwq90y3rhsqnht""]","[""bc1qcat4vnp6z866ky8e6nf0m7leq7st34v6cg9vjn"", ""bc1qraafea5fypwmak0aflngg7hwt63jncusp8708h""]",[3.172337],"[2.573454, 0.598763]",0.00012,P2PKH
tx-rec-000835,2026-03-01T16:12:20+00:00,tx_norm_000835,"[""bc1qn5hzcqnvvvecqsv23nxzrf4nvgqw2tad5jlt63""]","[""bc1q8sv3gq3l2kjl5cj47l3jtgjg2gtreurl2d3zx3""]",[3.106504],[3.106384],0.00012,P2WPKH
tx-rec-000836,2026-03-01T16:13:11+00:00,tx_norm_000836,"[""bc1qxg98k9lwe8zj324ntf3ezjzv0rpk9n4fgyw9j6""]","[""bc1qc694t02thmd363mxzn2nqt58ztstg7qd5whgaq""]",[3.518988],[3.518868],0.00012,P2PKH
tx-rec-000837,2026-03-01T16:13:20+00:00,tx_norm_000837,"[""bc1qsns7kxgq4zm86kk3zxg4uhqj9uz8kexjwv9tfx""]","[""bc1q0gma8qqgpxtnpxfknxu36arla4qqyjh32fc93y""]",[1.320499],[1.320379],0.00012,P2SH
tx-rec-000838,2026-03-01T16:13:55+00:00,tx_norm_000838,"[""bc1q76dr9uxk35a9d0ne60vs8rpkejhkmcn4j3u5v7""]","[""bc1qpxeyzck09msvuxqnskmsya6p66jefk5l9cq55c"", ""bc1qmsk2hmhzwvhzx98l2thkjep6zqgq07lcm9k8hm""]",[3.078497],"[2.433388, 0.644989]",0.00012,P2TR
tx-rec-000839,2026-03-01T16:14:06+00:00,tx_norm_000839,"[""bc1qcqjuu9k6ndnujexjdvhhmj563n76dq48trhh76""]","[""bc1qldqn65772d9kcqa9vzp4ytxzv5v8qusphl9fgn""]",[2.98831],[2.98819],0.00012,P2SH
tx-rec-000840,2026-03-01T16:14:23+00:00,tx_norm_000840,"[""bc1qp63vacy36erkw3mmh0y6w6477qrr9a82lu5dfa""]","[""bc1qlsyxl4akdfehm295mq2wc8rxw0ua9hq4v5zgu9""]",[1.863882],[1.863762],0.00012,P2PKH
tx-rec-000841,2026-03-01T16:15:15+00:00,tx_norm_000841,"[""bc1qdpsvrymdl7p84vdsltvzumn0xu96qac0vle5n0""]","[""bc1qkqq6y035xf3832ezmjqmyung7pta2mj862806z""]",[2.531384],[2.531264],0.00012,P2TR
tx-rec-000842,2026-03-01T16:15:55+00:00,tx_norm_000842,"[""bc1qkaxudtg2w7jy6yk03psvf4kqzsnyr5gc32tkl8""]","[""bc1qhdyfpp3mtq35qnrc40ad956gkf0d3mceae3wwz""]",[1.494195],[1.494075],0.00012,P2SH
tx-rec-000843,2026-03-01T16:16:02+00:00,tx_norm_000843,"[""bc1qgj48cl883n8wv38p75xlhtt74ffgrpz4ecv87g""]","[""bc1qhdyfpp3mtq35qnrc40ad956gkf0d3mceae3wwz""]",[0.72829],[0.72817],0.00012,P2PKH
tx-rec-000844,2026-03-01T16:16:49+00:00,tx_norm_000844,"[""bc1qh4lupjq9dm3x7hw3t2kyfdqu923ayy4rk7j8n6""]","[""bc1qqdg9h7kxq5ml8pjn2fq4s0kxfxwh7ycnx3lkrx""]",[2.499436],[2.499316],0.00012,P2PKH
tx-rec-000845,2026-03-01T16:17:14+00:00,tx_norm_000845,"[""bc1qmsk2hmhzwvhzx98l2thkjep6zqgq07lcm9k8hm""]","[""bc1ql6e5ah3ffh398nm74aycmtccuvz5cy7cyyaqhl""]",[0.332811],[0.332691],0.00012,P2PKH
tx-rec-000846,2026-03-01T16:17:56+00:00,tx_norm_000846,"[""bc1qvlhg62yhue3n25laz4smt8jggvzammry77p663""]","[""bc1q3spdn2zpesyf09jjllgesljd04fy4y5ag7hhgq""]",[1.905878],[1.905758],0.00012,P2WPKH
tx-rec-000847,2026-03-01T16:18:08+00:00,tx_norm_000847,"[""bc1qp63vacy36erkw3mmh0y6w6477qrr9a82lu5dfa""]","[""bc1qu02l6n2l296yml0rpa3gzv6umtu6p9rcgl8e47""]",[0.130006],[0.129886],0.00012,P2WPKH
tx-rec-000848,2026-03-01T16:18:28+00:00,tx_norm_000848,"[""bc1q3pamfqd2vdz9zy3ndtpy5mt23sdelmpydsljen""]","[""bc1q4hmjzzx5vldpsys03922tjnjfq3km9aj7tkenu"", ""bc1qdh7qdv965l8498fe5y5t6hzvjrtakleq2uhngc""]",[3.415547],"[3.166223, 0.249204]",0.00012,P2WPKH
tx-rec-000849,2026-03-01T16:19:15+00:00,tx_norm_000849,"[""bc1qvlhg62yhue3n25laz4smt8jggvzammry77p663""]","[""bc1qg462atcr4s2vp6dgmw3u6ey9evtnt4q2y6fltp""]",[0.998212],[0.998092],0.00012,P2SH
tx-rec-000850,2026-03-01T16:19:37+00:00,tx_norm_000850,"[""bc1qz5dkcg984aem8v6clcshjha0yjy7d2hwnhkvfw""]","[""bc1q043nzp8cyj0u83pu3xhdw9ypxh7rv778m54xpp"", ""bc1qz5j0ngrn5fpv34sleyc593kmmsqvpajjra2wyh""]",[2.198674],"[1.589255, 0.609299]",0.00012,P2TR
tx-rec-000851,2026-03-01T16:20:01+00:00,tx_norm_000851,"[""bc1qhjx6lr5emwjezxs9yzg5fqraqvqxn7madpznyj""]","[""bc1qnt3sga272xjzk9s7dsvc4dwrwezhhxjtr3mukc"", ""bc1qfy8gd02j8zd0xunt5auq5qg039ukrj4aa2ftg4""]",[2.128394],"[1.569419, 0.558855]",0.00012,P2PKH
tx-rec-000852,2026-03-01T16:21:01+00:00,tx_norm_000852,"[""bc1qvlhg62yhue3n25laz4smt8jggvzammry77p663""]","[""bc1qz5j0ngrn5fpv34sleyc593kmmsqvpajjra2wyh""]",[2.323295],[2.323175],0.00012,P2WPKH
tx-rec-000853,2026-03-01T16:21:13+00:00,tx_norm_000853,"[""bc1qsjn93a9ck58qq3fkf7fwlqvse0dsvyfrkm88f0""]","[""bc1qyqemyaetupurpjnfdd67yh853v4suw2cs5e6us""]",[2.958075],[2.957955],0.00012,P2PKH
tx-rec-000854,2026-03-01T16:21:29+00:00,tx_norm_000854,"[""bc1q45u3lfy89ctqrc937sl56gfky7a946puq2uc38""]","[""bc1q0v5596p00t8c62rjrhsj4jy2tvjgy2hephx33m"", ""bc1q6y36mp84w8mmfljx7q8epacs3gzz379xwwd6uq""]",[2.730908],"[2.243667, 0.487121]",0.00012,P2PKH
tx-rec-000855,2026-03-01T16:22:25+00:00,tx_norm_000855,"[""bc1q6ed0puz5x4f29cqpsllzpcjq4p8dpeukz2n6vv""]","[""bc1qp3qrv23fgmarr4qq6yjtr65s9ws0t93ql3gdhl""]",[3.601],[3.60088],0.00012,P2WPKH
tx-rec-000856,2026-03-01T16:23:05+00:00,tx_norm_000856,"[""bc1qrqae6lyvnp9f0ss0xnm09taynfed9gpue4jpud""]","[""bc1qnt3sga272xjzk9s7dsvc4dwrwezhhxjtr3mukc""]",[0.391295],[0.391175],0.00012,P2PKH
tx-rec-000857,2026-03-01T16:23:29+00:00,tx_norm_000857,"[""bc1qc694t02thmd363mxzn2nqt58ztstg7qd5whgaq""]","[""bc1qdkx904vy7ln6sdphrwean56tcnlv368ca9n9gv""]",[1.620678],[1.620558],0.00012,P2WPKH
tx-rec-000858,2026-03-01T16:24:21+00:00,tx_norm_000858,"[""bc1q6y36mp84w8mmfljx7q8epacs3gzz379xwwd6uq""]","[""bc1q0gma8qqgpxtnpxfknxu36arla4qqyjh32fc93y""]",[0.269454],[0.269334],0.00012,P2PKH
tx-rec-000859,2026-03-01T16:24:32+00:00,tx_norm_000859,"[""bc1qgzq6mnnljnadktgd9a0uvdh0xyh0fa80dfke6r""]","[""bc1q3spdn2zpesyf09jjllgesljd04fy4y5ag7hhgq""]",[0.168628],[0.168508],0.00012,P2TR
tx-rec-000860,2026-03-01T16:25:11+00:00,tx_norm_000860,"[""bc1qcpe6g5m0el0n5g2e7csesu930kzdnsnsy7055p""]","[""bc1qyqemyaetupurpjnfdd67yh853v4suw2cs5e6us""]",[0.615733],[0.615613],0.00012,P2SH
tx-rec-000861,2026-03-01T16:25:21+00:00,tx_norm_000861,"[""bc1qakj6y5prmulu02nlnsfnhnayhtpa32gh7mcqrv""]","[""bc1qjuaalzh5kdkkgc7ql8s2rqtepuzh2jlvvgjgrf""]",[0.716942],[0.716822],0.00012,P2PKH
tx-rec-000862,2026-03-01T16:26:06+00:00,tx_norm_000862,"[""bc1qcqjuu9k6ndnujexjdvhhmj563n76dq48trhh76""]","[""bc1qxg98k9lwe8zj324ntf3ezjzv0rpk9n4fgyw9j6""]",[1.813484],[1.813364],0.00012,P2SH
tx-rec-000863,2026-03-01T16:26:21+00:00,tx_norm_000863,"[""bc1qhjx6lr5emwjezxs9yzg5fqraqvqxn7madpznyj""]","[""bc1q7qtl40nqcd5n9vfd9psfthdk9adqrvprgq67ec""]",[3.326528],[3.326408],0.00012,P2TR
tx-rec-000864,2026-03-01T16:26:26+00:00,tx_norm_000864,"[""bc1qcqshn6n09s6shs3mneye27d0cu7pn8qd5el6ua""]","[""bc1qw3j9xdyc0srrgpd3k7f79ucllhcp24tg4vg0y7""]",[3.369775],[3.369655],0.00012,P2SH
tx-rec-000865,2026-03-01T16:27:02+00:00,tx_norm_000865,"[""bc1qp3qrv23fgmarr4qq6yjtr65s9ws0t93ql3gdhl""]","[""bc1qr7fcdrsl326mp9phg9s4faphp2em0a759c0r6e"", ""bc1qcqshn6n09s6shs3mneye27d0cu7pn8qd5el6ua""]",[0.877222],"[0.233284, 0.643818]",0.00012,P2WPKH
tx-rec-000866,2026-03-01T16:27:29+00:00,tx_norm_000866,"[""bc1qvlhg62yhue3n25laz4smt8jggvzammry77p663""]","[""bc1qsw0742mq2re87v2jaurcmpca5p8a2ywxnfhzyp""]",[3.749079],[3.748959],0.00012,P2WPKH
tx-rec-000867,2026-03-01T16:27:51+00:00,tx_norm_000867,"[""bc1qqjut3v20xvllqf40ctmux3v8ljeacc6j4jwdru""]","[""bc1qp63vacy36erkw3mmh0y6w6477qrr9a82lu5dfa"", ""bc1qy4zh8m7xksekd9jh4zhuxdfl859xlf5ceuhnp9""]",[3.753977],"[3.296858, 0.456999]",0.00012,P2TR
tx-rec-000868,2026-03-01T16:27:56+00:00,tx_norm_000868,"[""bc1ql7qs6mr4uy40apyeq3qn4svm4ztdfdjcvu4ynu""]","[""bc1qsw0742mq2re87v2jaurcmpca5p8a2ywxnfhzyp""]",[2.276505],[2.276385],0.00012,P2SH
tx-rec-000869,2026-03-01T16:28:37+00:00,tx_norm_000869,"[""bc1qvm8x5g990twp6gdlnf9v7eh8llzazp9lpr2mhw""]","[""bc1qvjf54hm2tj4h5muwsnjd2j8ttelrsq45h8vawf"", ""bc1quw6459ts6pc3dratc9avhvly3wjvea2v57flxg""]",[2.917367],"[2.468955, 0.448292]",0.00012,P2PKH
tx-rec-000870,2026-03-01T16:28:56+00:00,tx_norm_000870,"[""bc1qqjut3v20xvllqf40ctmux3v8ljeacc6j4jwdru""]","[""bc1qpxeyzck09msvuxqnskmsya6p66jefk5l9cq55c"", ""bc1qx2fssznfzevxeppknd6kjr800apkku8d9xr4tf""]",[0.470306],"[0.184039, 0.286147]",0.00012,P2SH
tx-rec-000871,2026-03-01T16:29:18+00:00,tx_norm_000871,"[""bc1ql7qs6mr4uy40apyeq3qn4svm4ztdfdjcvu4ynu""]","[""bc1qdjp9z0egr8gt50uz5udnnl9u03wg5wuc2g6lue"", ""bc1qqfry9tkhfr9vu3w8gme0v67tcwq90y3rhsqnht""]",[1.277913],"[0.015834, 1.261959]",0.00012,P2PKH
tx-rec-000872,2026-03-01T16:29:49+00:00,tx_norm_000872,"[""bc1qcpe6g5m0el0n5g2e7csesu930kzdnsnsy7055p""]","[""bc1qrsdel7k3js9zp4zetcys7jj25chgmjcm6zracu"", ""bc1qhjx6lr5emwjezxs9yzg5fqraqvqxn7madpznyj""]",[1.805621],"[0.798352, 1.007149]",0.00012,P2PKH
tx-rec-000873,2026-03-01T16:30:49+00:00,tx_norm_000873,"[""bc1qqdg9h7kxq5ml8pjn2fq4s0kxfxwh7ycnx3lkrx""]","[""bc1qdtkm3azrjsu3zngpdwsn6yfx2456cqdywv9nk5""]",[3.762646],[3.762526],0.00012,P2WPKH
tx-rec-000874,2026-03-01T16:31:22+00:00,tx_norm_000874,"[""bc1qrqae6lyvnp9f0ss0xnm09taynfed9gpue4jpud""]","[""bc1qrzytdt0kgppluy480wkx83uxaf5yah4w5gpryf"", ""bc1q8sv3gq3l2kjl5cj47l3jtgjg2gtreurl2d3zx3""]",[3.897642],"[3.303073, 0.594449]",0.00012,P2SH
tx-rec-000875,2026-03-01T16:31:58+00:00,tx_norm_000875,"[""bc1qcat4vnp6z866ky8e6nf0m7leq7st34v6cg9vjn""]","[""bc1qt6gfp8gargkathudyzgaejyut59nvk4vvas9w5"", ""bc1qptx4457ju9edelz8pvnvs3ek206hftlv4j27vw""]",[2.436134],"[1.686998, 0.749016]",0.00012,P2PKH
tx-rec-000876,2026-03-01T16:32:53+00:00,tx_norm_000876,"[""bc1qdlyf60rpyq3643wk0es395nwa8an5u0pvchzk9""]","[""bc1q7qtl40nqcd5n9vfd9psfthdk9adqrvprgq67ec""]",[0.234252],[0.234132],0.00012,P2WPKH
tx-rec-000877,2026-03-01T16:33:11+00:00,tx_norm_000877,"[""bc1qsw0742mq2re87v2jaurcmpca5p8a2ywxnfhzyp""]","[""bc1ql7qs6mr4uy40apyeq3qn4svm4ztdfdjcvu4ynu"", ""bc1qfy8gd02j8zd0xunt5auq5qg039ukrj4aa2ftg4""]",[3.741628],"[3.393624, 0.347884]",0.00012,P2PKH
tx-rec-000878,2026-03-01T16:33:46+00:00,tx_norm_000878,"[""bc1q40mkyarwdfnj68u76tvvxzgka34rhc5n4mwcgm""]","[""bc1q2xmphldtc863jfk387cd7sjzuz0pgwmmypcxye""]",[2.041403],[2.041283],0.00012,P2WPKH
tx-rec-000879,2026-03-01T16:34:10+00:00,tx_norm_000879,"[""bc1qlsyxl4akdfehm295mq2wc8rxw0ua9hq4v5zgu9""]","[""bc1q39nkczjgm4qvnsr7g8cgf4fpd5x3u34rtklkc4""]",[1.732844],[1.732724],0.00012,P2WPKH
tx-rec-000880,2026-03-01T16:35:08+00:00,tx_norm_000880,"[""bc1q3spdn2zpesyf09jjllgesljd04fy4y5ag7hhgq""]","[""bc1q3p65c898syar0nq24aejwqa4xam855rmfkhkp7""]",[1.041884],[1.041764],0.00012,P2TR
tx-rec-000881,2026-03-01T16:35:21+00:00,tx_norm_000881,"[""bc1qxg98k9lwe8zj324ntf3ezjzv0rpk9n4fgyw9j6""]","[""bc1q40mkyarwdfnj68u76tvvxzgka34rhc5n4mwcgm""]",[0.906469],[0.906349],0.00012,P2SH
tx-rec-000882,2026-03-01T16:36:01+00:00,tx_norm_000882,"[""bc1qldqn65772d9kcqa9vzp4ytxzv5v8qusphl9fgn""]","[""bc1qfn77ursvuj6aj5vw07uu8gxq9ujn40dm6vld6w"", ""bc1qhjx6lr5emwjezxs9yzg5fqraqvqxn7madpznyj""]",[4.215427],"[3.596139, 0.619168]",0.00012,P2WPKH
tx-rec-000883,2026-03-01T16:36:50+00:00,tx_norm_000883,"[""bc1qsjn93a9ck58qq3fkf7fwlqvse0dsvyfrkm88f0""]","[""bc1qt6gfp8gargkathudyzgaejyut59nvk4vvas9w5""]",[3.319519],[3.319399],0.00012,P2WPKH
tx-rec-000884,2026-03-01T16:37:42+00:00,tx_norm_000884,"[""bc1qx2fssznfzevxeppknd6kjr800apkku8d9xr4tf""]","[""bc1qxg98k9lwe8zj324ntf3ezjzv0rpk9n4fgyw9j6""]",[0.247231],[0.247111],0.00012,P2PKH
tx-rec-000885,2026-03-01T16:38:02+00:00,tx_norm_000885,"[""bc1qee9f8sxtpartfv6anm9m702k649qr85hcatzgt""]","[""bc1qfy8gd02j8zd0xunt5auq5qg039ukrj4aa2ftg4"", ""bc1quw6459ts6pc3dratc9avhvly3wjvea2v57flxg""]",[2.37836],"[0.97432, 1.40392]",0.00012,P2SH
tx-rec-000886,2026-03-01T16:38:47+00:00,tx_norm_000886,"[""bc1qmmldvmuqam354a6qjf5e6nqnzkh5cg2d05uyjh""]","[""bc1qz5j0ngrn5fpv34sleyc593kmmsqvpajjra2wyh""]",[0.018081],[0.017961],0.00012,P2WPKH
tx-rec-000887,2026-03-01T16:39:41+00:00,tx_norm_000887,"[""bc1qarmcwzcwd7yxe8r5rl6dn2w9k2zpn0qfekh5qn""]","[""bc1q9enf0pknmslq3x4ta3sgephk5etky5pxtrdykk""]",[2.134759],[2.134639],0.00012,P2PKH
tx-rec-000888,2026-03-01T16:40:16+00:00,tx_norm_000888,"[""bc1qatmdnmprpunwnaglr3ar65kzjxu9uhtrc4y5yv""]","[""bc1qvm8x5g990twp6gdlnf9v7eh8llzazp9lpr2mhw""]",[0.422173],[0.422053],0.00012,P2TR
tx-rec-000889,2026-03-01T16:40:37+00:00,tx_norm_000889,"[""bc1qapp9m5u4r444779j7qa2h7xc0pxup53jr498za""]","[""bc1qcqjuu9k6ndnujexjdvhhmj563n76dq48trhh76"", ""bc1qx2fssznfzevxeppknd6kjr800apkku8d9xr4tf""]",[2.088506],"[1.050615, 1.037771]",0.00012,P2WPKH
tx-rec-000890,2026-03-01T16:40:48+00:00,tx_norm_000890,"[""bc1qx6w6xzehxyxw0l4zazkhyvg746g96rtls6vwuj""]","[""bc1q3spdn2zpesyf09jjllgesljd04fy4y5ag7hhgq""]",[2.406781],[2.406661],0.00012,P2WPKH
tx-rec-000891,2026-03-01T16:40:55+00:00,tx_norm_000891,"[""bc1q043nzp8cyj0u83pu3xhdw9ypxh7rv778m54xpp""]","[""bc1qz5dkcg984aem8v6clcshjha0yjy7d2hwnhkvfw""]",[1.377326],[1.377206],0.00012,P2WPKH
tx-rec-000892,2026-03-01T16:41:31+00:00,tx_norm_000892,"[""bc1qdpsvrymdl7p84vdsltvzumn0xu96qac0vle5n0""]","[""bc1qptx4457ju9edelz8pvnvs3ek206hftlv4j27vw"", ""bc1q07cvy9nezky4z6y94frcmjel9q0xkrrpd3pccv""]",[3.931183],"[3.686594, 0.244469]",0.00012,P2SH
tx-rec-000893,2026-03-01T16:41:50+00:00,tx_norm_000893,"[""bc1qsw0742mq2re87v2jaurcmpca5p8a2ywxnfhzyp""]","[""bc1qdh7qdv965l8498fe5y5t6hzvjrtakleq2uhngc""]",[0.173826],[0.173706],0.00012,P2PKH
tx-rec-000894,2026-03-01T16:42:01+00:00,tx_norm_000894,"[""bc1qcqshn6n09s6shs3mneye27d0cu7pn8qd5el6ua""]","[""bc1qp3qrv23fgmarr4qq6yjtr65s9ws0t93ql3gdhl"", ""bc1qpxeyzck09msvuxqnskmsya6p66jefk5l9cq55c""]",[2.102193],"[1.701726, 0.400347]",0.00012,P2WPKH
tx-rec-000895,2026-03-01T16:42:12+00:00,tx_norm_000895,"[""bc1qgj48cl883n8wv38p75xlhtt74ffgrpz4ecv87g""]","[""bc1qwgtnch524wcqj68ggj6dafcmtn34parpxvcl5d""]",[0.050098],[0.049978],0.00012,P2PKH
tx-rec-000896,2026-03-01T16:42:34+00:00,tx_norm_000896,"[""bc1qlsyxl4akdfehm295mq2wc8rxw0ua9hq4v5zgu9""]","[""bc1q0p6769w2m8afk2957wjnttztdkhxje6c8ws2zj""]",[3.426407],[3.426287],0.00012,P2PKH
tx-rec-000897,2026-03-01T16:43:00+00:00,tx_norm_000897,"[""bc1q76dr9uxk35a9d0ne60vs8rpkejhkmcn4j3u5v7""]","[""bc1qr7fcdrsl326mp9phg9s4faphp2em0a759c0r6e"", ""bc1qwgtnch524wcqj68ggj6dafcmtn34parpxvcl5d""]",[3.56493],"[2.357271, 1.207539]",0.00012,P2SH
tx-rec-000898,2026-03-01T16:43:07+00:00,tx_norm_000898,"[""bc1q8eue4llkpkygqgaqutfhn8pqt3zhejxqktdwkn""]","[""bc1qapp9m5u4r444779j7qa2h7xc0pxup53jr498za"", ""bc1qkaxudtg2w7jy6yk03psvf4kqzsnyr5gc32tkl8""]",[2.144714],"[1.070378, 1.074216]",0.00012,P2PKH
tx-rec-000899,2026-03-01T16:44:05+00:00,tx_norm_000899,"[""bc1qcat4vnp6z866ky8e6nf0m7leq7st34v6cg9vjn""]","[""bc1qvjf54hm2tj4h5muwsnjd2j8ttelrsq45h8vawf""]",[3.820348],[3.820228],0.00012,P2WPKH
tx-rec-000900,2026-03-01T16:44:16+00:00,tx_norm_000900,"[""bc1qv3fn7qh8n0ss4f6yj28vgtpzmywmrjukwrh98n""]","[""bc1qldqn65772d9kcqa9vzp4ytxzv5v8qusphl9fgn""]",[2.246291],[2.246171],0.00012,P2WPKH
tx-rec-000901,2026-03-01T16:44:21+00:00,tx_norm_000901,"[""bc1qy4zh8m7xksekd9jh4zhuxdfl859xlf5ceuhnp9""]","[""bc1qg462atcr4s2vp6dgmw3u6ey9evtnt4q2y6fltp""]",[1.346867],[1.346747],0.00012,P2TR
tx-rec-000902,2026-03-01T16:45:01+00:00,tx_norm_000902,"[""bc1qapp9m5u4r444779j7qa2h7xc0pxup53jr498za""]","[""bc1qjuaalzh5kdkkgc7ql8s2rqtepuzh2jlvvgjgrf"", ""bc1qh3wqjwtpm4s6zzt5fzfznu9xx3eec9gvtmjff5""]",[1.008934],"[0.108428, 0.900386]",0.00012,P2WPKH
tx-rec-000903,2026-03-01T16:45:18+00:00,tx_norm_000903,"[""bc1qn5hzcqnvvvecqsv23nxzrf4nvgqw2tad5jlt63""]","[""bc1q7qtl40nqcd5n9vfd9psfthdk9adqrvprgq67ec""]",[0.608609],[0.608489],0.00012,P2SH
tx-rec-000904,2026-03-01T16:45:35+00:00,tx_norm_000904,"[""bc1qvjf54hm2tj4h5muwsnjd2j8ttelrsq45h8vawf""]","[""bc1qr5f4hfy2dgyv4pkzde74vgpnm0t85l3s77vc5w"", ""bc1qmzn0uapy544k9mq7n9hwv3f90sn9rkf03wwkul""]",[1.79139],"[0.764944, 1.026326]",0.00012,P2SH
tx-rec-000905,2026-03-01T16:46:19+00:00,tx_norm_000905,"[""bc1qvlhg62yhue3n25laz4smt8jggvzammry77p663""]","[""bc1qgj48cl883n8wv38p75xlhtt74ffgrpz4ecv87g""]",[0.458354],[0.458234],0.00012,P2SH
tx-rec-000906,2026-03-01T16:46:47+00:00,tx_norm_000906,"[""bc1qpm706a3vaehp3k6wdg9g892sp3dkzlkuufkvhw""]","[""bc1q2xmphldtc863jfk387cd7sjzuz0pgwmmypcxye"", ""bc1qarmcwzcwd7yxe8r5rl6dn2w9k2zpn0qfekh5qn""]",[4.093912],"[3.38924, 0.704552]",0.00012,P2PKH
tx-rec-000907,2026-03-01T16:47:45+00:00,tx_norm_000907,"[""bc1qee9f8sxtpartfv6anm9m702k649qr85hcatzgt""]","[""bc1qsns7kxgq4zm86kk3zxg4uhqj9uz8kexjwv9tfx"", ""bc1qx6w6xzehxyxw0l4zazkhyvg746g96rtls6vwuj""]",[1.975793],"[1.826492, 0.149181]",0.00012,P2SH
tx-rec-000908,2026-03-01T16:48:33+00:00,tx_norm_000908,"[""bc1qkqq6y035xf3832ezmjqmyung7pta2mj862806z""]","[""bc1qee9f8sxtpartfv6anm9m702k649qr85hcatzgt"", ""bc1qsns7kxgq4zm86kk3zxg4uhqj9uz8kexjwv9tfx""]",[2.01789],"[1.621271, 0.396499]",0.00012,P2SH
tx-rec-000909,2026-03-01T16:49:04+00:00,tx_norm_000909,"[""bc1qcpe6g5m0el0n5g2e7csesu930kzdnsnsy7055p""]","[""bc1qptx4457ju9edelz8pvnvs3ek206hftlv4j27vw""]",[0.886614],[0.886494],0.00012,P2WPKH
tx-rec-000910,2026-03-01T16:49:54+00:00,tx_norm_000910,"[""bc1qw3j9xdyc0srrgpd3k7f79ucllhcp24tg4vg0y7""]","[""bc1qv3h8z28ne8gtgvg4hn4fk03mmaj7pyd28gkmhp""]",[2.139085],[2.138965],0.00012,P2WPKH
tx-rec-000911,2026-03-01T16:50:27+00:00,tx_norm_000911,"[""bc1qsns7kxgq4zm86kk3zxg4uhqj9uz8kexjwv9tfx""]","[""bc1qkqq6y035xf3832ezmjqmyung7pta2mj862806z""]",[3.839422],[3.839302],0.00012,P2SH
tx-rec-000912,2026-03-01T16:51:00+00:00,tx_norm_000912,"[""bc1qy4zh8m7xksekd9jh4zhuxdfl859xlf5ceuhnp9""]","[""bc1qn5hzcqnvvvecqsv23nxzrf4nvgqw2tad5jlt63""]",[2.354218],[2.354098],0.00012,P2WPKH
tx-rec-000913,2026-03-01T16:51:25+00:00,tx_norm_000913,"[""bc1qwgtnch524wcqj68ggj6dafcmtn34parpxvcl5d""]","[""bc1qezy2mxy8lx5r8z6w3qnwg983940erzwhek4hvn""]",[0.828516],[0.828396],0.00012,P2PKH
tx-rec-000914,2026-03-01T16:51:42+00:00,tx_norm_000914,"[""bc1qx2fssznfzevxeppknd6kjr800apkku8d9xr4tf""]","[""bc1qwm0j85fm8fp3z3jjzkehnz90tdrnsrc2ku6sgq""]",[1.449018],[1.448898],0.00012,P2PKH
tx-rec-000915,2026-03-01T16:52:42+00:00,tx_norm_000915,"[""bc1qdjp9z0egr8gt50uz5udnnl9u03wg5wuc2g6lue""]","[""bc1ql7qs6mr4uy40apyeq3qn4svm4ztdfdjcvu4ynu"", ""bc1q6y36mp84w8mmfljx7q8epacs3gzz379xwwd6uq""]",[3.489687],"[3.067934, 0.421633]",0.00012,P2PKH
tx-rec-000916,2026-03-01T16:53:22+00:00,tx_norm_000916,"[""bc1q3spdn2zpesyf09jjllgesljd04fy4y5ag7hhgq""]","[""bc1q8sv3gq3l2kjl5cj47l3jtgjg2gtreurl2d3zx3""]",[3.501505],[3.501385],0.00012,P2SH
tx-rec-000917,2026-03-01T16:53:30+00:00,tx_norm_000917,"[""bc1qw3j9xdyc0srrgpd3k7f79ucllhcp24tg4vg0y7""]","[""bc1qvm8x5g990twp6gdlnf9v7eh8llzazp9lpr2mhw"", ""bc1q38qalhjfrcq99474ks67hrzja47860k9zkq5vh""]",[2.514349],"[2.077553, 0.436676]",0.00012,P2PKH
tx-rec-000918,2026-03-01T16:54:07+00:00,tx_norm_000918,"[""bc1q043nzp8cyj0u83pu3xhdw9ypxh7rv778m54xpp""]","[""bc1q75qxvc0lxsvvydye4a56ytyn6yqxt8l6aq5ryy"", ""bc1qz5j0ngrn5fpv34sleyc593kmmsqvpajjra2wyh""]",[2.968721],"[2.095413, 0.873188]",0.00012,P2WPKH
tx-rec-000919,2026-03-01T16:54:45+00:00,tx_norm_000919,"[""bc1qz5j0ngrn5fpv34sleyc593kmmsqvpajjra2wyh""]","[""bc1qv3fn7qh8n0ss4f6yj28vgtpzmywmrjukwrh98n""]",[1.003506],[1.003386],0.00012,P2SH
tx-rec-000920,2026-03-01T16:55:42+00:00,tx_norm_000920,"[""bc1qn5hzcqnvvvecqsv23nxzrf4nvgqw2tad5jlt63""]","[""bc1qf98xgvk2zuzxv6h7e2ez9tgfyzkq5aylkr2ljv""]",[1.649706],[1.649586],0.00012,P2SH
tx-rec-000921,2026-03-01T16:55:55+00:00,tx_norm_000921,"[""bc1qzhsd8sragjejpvtm6jg6ypyrhd8h3d27xdhg2z""]","[""bc1qalldcf088rfu5rwgdak6muv5k9w330j0lelxkk""]",[0.852973],[0.852853],0.00012,P2SH
tx-rec-000922,2026-03-01T16:56:39+00:00,tx_norm_000922,"[""bc1qptx4457ju9edelz8pvnvs3ek206hftlv4j27vw""]","[""bc1q07cvy9nezky4z6y94frcmjel9q0xkrrpd3pccv""]",[1.628181],[1.628061],0.00012,P2PKH
tx-rec-000923,2026-03-01T16:57:31+00:00,tx_norm_000923,"[""bc1q2xmphldtc863jfk387cd7sjzuz0pgwmmypcxye""]","[""bc1qdtkm3azrjsu3zngpdwsn6yfx2456cqdywv9nk5""]",[1.777277],[1.777157],0.00012,P2WPKH
tx-rec-000924,2026-03-01T16:57:37+00:00,tx_norm_000924,"[""bc1qgj48cl883n8wv38p75xlhtt74ffgrpz4ecv87g""]","[""bc1qkaxudtg2w7jy6yk03psvf4kqzsnyr5gc32tkl8"", ""bc1quw6459ts6pc3dratc9avhvly3wjvea2v57flxg""]",[1.116688],"[0.049331, 1.067237]",0.00012,P2PKH
tx-rec-000925,2026-03-01T16:57:47+00:00,tx_norm_000925,"[""bc1qdtkm3azrjsu3zngpdwsn6yfx2456cqdywv9nk5""]","[""bc1qjuaalzh5kdkkgc7ql8s2rqtepuzh2jlvvgjgrf""]",[2.917933],[2.917813],0.00012,P2PKH
tx-rec-000926,2026-03-01T16:57:57+00:00,tx_norm_000926,"[""bc1qarmcwzcwd7yxe8r5rl6dn2w9k2zpn0qfekh5qn""]","[""bc1qatmdnmprpunwnaglr3ar65kzjxu9uhtrc4y5yv""]",[1.853719],[1.853599],0.00012,P2TR
tx-rec-000927,2026-03-01T16:58:52+00:00,tx_norm_000927,"[""bc1qgzq6mnnljnadktgd9a0uvdh0xyh0fa80dfke6r""]","[""bc1qz5j0ngrn5fpv34sleyc593kmmsqvpajjra2wyh"", ""bc1qh3wqjwtpm4s6zzt5fzfznu9xx3eec9gvtmjff5""]",[3.642801],"[2.494821, 1.14786]",0.00012,P2PKH
tx-rec-000928,2026-03-01T16:59:43+00:00,tx_norm_000928,"[""bc1qulyzp92shnx6lnh3dcpvcqayukgcczejzpkf7d""]","[""bc1q57cpjc6xcdsrnqm78k8zaa7qcdxt94pezuytaa""]",[1.208005],[1.207885],0.00012,P2WPKH
tx-rec-000929,2026-03-01T17:00:36+00:00,tx_norm_000929,"[""bc1qwm0j85fm8fp3z3jjzkehnz90tdrnsrc2ku6sgq""]","[""bc1qwgtnch524wcqj68ggj6dafcmtn34parpxvcl5d""]",[0.61753],[0.61741],0.00012,P2SH
tx-rec-000930,2026-03-01T17:01:19+00:00,tx_norm_000930,"[""bc1qnma43znv9qwa5swttmpprnz9fe2ql7r8ktxpjv""]","[""bc1q45u3lfy89ctqrc937sl56gfky7a946puq2uc38"", ""bc1qw3j9xdyc0srrgpd3k7f79ucllhcp24tg4vg0y7""]",[3.455826],"[2.081351, 1.374355]",0.00012,P2PKH
tx-rec-000931,2026-03-01T17:01:33+00:00,tx_norm_000931,"[""bc1qn5hzcqnvvvecqsv23nxzrf4nvgqw2tad5jlt63""]","[""bc1q7qtl40nqcd5n9vfd9psfthdk9adqrvprgq67ec""]",[2.939734],[2.939614],0.00012,P2PKH
tx-rec-000932,2026-03-01T17:01:58+00:00,tx_norm_000932,"[""bc1qx6w6xzehxyxw0l4zazkhyvg746g96rtls6vwuj""]","[""bc1q3spdn2zpesyf09jjllgesljd04fy4y5ag7hhgq""]",[0.160393],[0.160273],0.00012,P2PKH
tx-rec-000933,2026-03-01T17:02:05+00:00,tx_norm_000933,"[""bc1qszz4p9ux2z8vtduv6ltqx0qyll7zwhah388j0x""]","[""bc1q6y36mp84w8mmfljx7q8epacs3gzz379xwwd6uq"", ""bc1qu857msn6shssgxlnmvn53ga92jag2u3vvmjgkt""]",[0.644923],"[0.015749, 0.629054]",0.00012,P2WPKH
tx-rec-000934,2026-03-01T17:02:15+00:00,tx_norm_000934,"[""bc1q57cpjc6xcdsrnqm78k8zaa7qcdxt94pezuytaa""]","[""bc1qq4s8cuyajq265qr4m7xegtq4fxulsgpy5hj2xu""]",[1.98872],[1.9886],0.00012,P2TR
tx-rec-000935,2026-03-01T17:02:44+00:00,tx_norm_000935,"[""bc1q7lamglhs7ws80f8duwy0pvr4j8h2zq3xwjqdz3""]","[""bc1qqfry9tkhfr9vu3w8gme0v67tcwq90y3rhsqnht"", ""bc1qt6gfp8gargkathudyzgaejyut59nvk4vvas9w5""]",[1.728134],"[0.911658, 0.816356]",0.00012,P2WPKH
tx-rec-000936,2026-03-01T17:03:12+00:00,tx_norm_000936,"[""bc1qrqae6lyvnp9f0ss0xnm09taynfed9gpue4jpud""]","[""bc1q6y36mp84w8mmfljx7q8epacs3gzz379xwwd6uq""]",[1.4132],[1.41308],0.00012,P2TR
tx-rec-000937,2026-03-01T17:04:03+00:00,tx_norm_000937,"[""bc1qf98xgvk2zuzxv6h7e2ez9tgfyzkq5aylkr2ljv""]","[""bc1qd94lr8j2v8he5xvkxrfcfr93djw6tzy3gavck0""]",[2.751558],[2.751438],0.00012,P2PKH
tx-rec-000938,2026-03-01T17:04:34+00:00,tx_norm_000938,"[""bc1qr5f4hfy2dgyv4pkzde74vgpnm0t85l3s77vc5w""]","[""bc1qqjut3v20xvllqf40ctmux3v8ljeacc6j4jwdru""]",[1.582275],[1.582155],0.00012,P2TR
tx-rec-000939,2026-03-01T17:05:18+00:00,tx_norm_000939,"[""bc1qkqaudpzltrq0hytslrl6nmu5p2y40c5qfsxvr2""]","[""bc1qalldcf088rfu5rwgdak6muv5k9w330j0lelxkk""]",[3.845279],[3.845159],0.00012,P2SH
tx-rec-000940,2026-03-01T17:05:31+00:00,tx_norm_000940,"[""bc1q55awtvw784swfm5xvztw0rcxtvt9t4vv8ugat8""]","[""bc1qmzn0uapy544k9mq7n9hwv3f90sn9rkf03wwkul"", ""bc1qvlhg62yhue3n25laz4smt8jggvzammry77p663""]",[2.346204],"[1.034732, 1.311352]",0.00012,P2WPKH
tx-rec-000941,2026-03-01T17:06:29+00:00,tx_norm_000941,"[""bc1qq5n6x9n9dw6eaq8nq0h58p0quzf53er4cw5ss5""]","[""bc1qqfry9tkhfr9vu3w8gme0v67tcwq90y3rhsqnht""]",[3.427958],[3.427838],0.00012,P2PKH
tx-rec-000942,2026-03-01T17:06:50+00:00,tx_norm_000942,"[""bc1qpm706a3vaehp3k6wdg9g892sp3dkzlkuufkvhw""]","[""bc1qhjx6lr5emwjezxs9yzg5fqraqvqxn7madpznyj""]",[0.999674],[0.999554],0.00012,P2SH
tx-rec-000943,2026-03-01T17:07:30+00:00,tx_norm_000943,"[""bc1q8eue4llkpkygqgaqutfhn8pqt3zhejxqktdwkn""]","[""bc1qpfuh30sa9k6grsk44sudu2rkz4usazgdugzs8t"", ""bc1qatmdnmprpunwnaglr3ar65kzjxu9uhtrc4y5yv""]",[4.019789],"[3.390346, 0.629323]",0.00012,P2SH
tx-rec-000944,2026-03-01T17:08:08+00:00,tx_norm_000944,"[""bc1qlsyxl4akdfehm295mq2wc8rxw0ua9hq4v5zgu9""]","[""bc1q55awtvw784swfm5xvztw0rcxtvt9t4vv8ugat8"", ""bc1qarmcwzcwd7yxe8r5rl6dn2w9k2zpn0qfekh5qn""]",[1.733743],"[1.54188, 0.191743]",0.00012,P2TR
tx-rec-000945,2026-03-01T17:08:52+00:00,tx_norm_000945,"[""bc1quw6459ts6pc3dratc9avhvly3wjvea2v57flxg""]","[""bc1qwm0j85fm8fp3z3jjzkehnz90tdrnsrc2ku6sgq""]",[2.79655],[2.79643],0.00012,P2WPKH
tx-rec-000946,2026-03-01T17:09:23+00:00,tx_norm_000946,"[""bc1qnt3sga272xjzk9s7dsvc4dwrwezhhxjtr3mukc""]","[""bc1qsns7kxgq4zm86kk3zxg4uhqj9uz8kexjwv9tfx""]",[0.084748],[0.084628],0.00012,P2SH
tx-rec-000947,2026-03-01T17:09:51+00:00,tx_norm_000947,"[""bc1qv3h8z28ne8gtgvg4hn4fk03mmaj7pyd28gkmhp""]","[""bc1qq4s8cuyajq265qr4m7xegtq4fxulsgpy5hj2xu""]",[3.254297],[3.254177],0.00012,P2PKH
tx-rec-000948,2026-03-01T17:10:15+00:00,tx_norm_000948,"[""bc1q9enf0pknmslq3x4ta3sgephk5etky5pxtrdykk""]","[""bc1qu857msn6shssgxlnmvn53ga92jag2u3vvmjgkt""]",[0.321057],[0.320937],0.00012,P2TR
tx-rec-000949,2026-03-01T17:10:38+00:00,tx_norm_000949,"[""bc1qpm706a3vaehp3k6wdg9g892sp3dkzlkuufkvhw""]","[""bc1q3p65c898syar0nq24aejwqa4xam855rmfkhkp7""]",[0.607524],[0.607404],0.00012,P2WPKH
tx-rec-000950,2026-03-01T17:11:31+00:00,tx_norm_000950,"[""bc1qwm0j85fm8fp3z3jjzkehnz90tdrnsrc2ku6sgq""]","[""bc1qdh7qdv965l8498fe5y5t6hzvjrtakleq2uhngc"", ""bc1qalldcf088rfu5rwgdak6muv5k9w330j0lelxkk""]",[3.784311],"[3.36348, 0.420711]",0.00012,P2WPKH
tx-rec-000951,2026-03-01T17:11:57+00:00,tx_norm_000951,"[""bc1q4hmjzzx5vldpsys03922tjnjfq3km9aj7tkenu""]","[""bc1qarmcwzcwd7yxe8r5rl6dn2w9k2zpn0qfekh5qn"", ""bc1qdkx904vy7ln6sdphrwean56tcnlv368ca9n9gv""]",[2.099969],"[0.723843, 1.376006]",0.00012,P2PKH
tx-rec-000952,2026-03-01T17:12:44+00:00,tx_norm_000952,"[""bc1qraafea5fypwmak0aflngg7hwt63jncusp8708h""]","[""bc1q3spdn2zpesyf09jjllgesljd04fy4y5ag7hhgq""]",[1.455728],[1.455608],0.00012,P2WPKH
tx-rec-000953,2026-03-01T17:13:44+00:00,tx_norm_000953,"[""bc1qwm0j85fm8fp3z3jjzkehnz90tdrnsrc2ku6sgq""]","[""bc1qw3j9xdyc0srrgpd3k7f79ucllhcp24tg4vg0y7""]",[2.218723],[2.218603],0.00012,P2PKH
tx-rec-000954,2026-03-01T17:14:38+00:00,tx_norm_000954,"[""bc1q39nkczjgm4qvnsr7g8cgf4fpd5x3u34rtklkc4""]","[""bc1qhjx6lr5emwjezxs9yzg5fqraqvqxn7madpznyj"", ""bc1qg462atcr4s2vp6dgmw3u6ey9evtnt4q2y6fltp""]",[1.225449],"[0.423971, 0.801358]",0.00012,P2SH
tx-rec-000955,2026-03-01T17:15:36+00:00,tx_norm_000955,"[""bc1qt6gfp8gargkathudyzgaejyut59nvk4vvas9w5""]","[""bc1qz5dkcg984aem8v6clcshjha0yjy7d2hwnhkvfw"", ""bc1qpm706a3vaehp3k6wdg9g892sp3dkzlkuufkvhw""]",[4.059102],"[2.794527, 1.264455]",0.00012,P2PKH
tx-rec-000956,2026-03-01T17:16:24+00:00,tx_norm_000956,"[""bc1qarmcwzcwd7yxe8r5rl6dn2w9k2zpn0qfekh5qn""]","[""bc1qz5dkcg984aem8v6clcshjha0yjy7d2hwnhkvfw""]",[0.149465],[0.149345],0.00012,P2PKH
tx-rec-000957,2026-03-01T17:17:23+00:00,tx_norm_000957,"[""bc1qwm0j85fm8fp3z3jjzkehnz90tdrnsrc2ku6sgq""]","[""bc1qr7fcdrsl326mp9phg9s4faphp2em0a759c0r6e"", ""bc1q9enf0pknmslq3x4ta3sgephk5etky5pxtrdykk""]",[2.045473],"[0.79184, 1.253513]",0.00012,P2SH
tx-rec-000958,2026-03-01T17:18:21+00:00,tx_norm_000958,"[""bc1qq5n6x9n9dw6eaq8nq0h58p0quzf53er4cw5ss5""]","[""bc1qu857msn6shssgxlnmvn53ga92jag2u3vvmjgkt""]",[2.262602],[2.262482],0.00012,P2PKH
tx-rec-000959,2026-03-01T17:18:51+00:00,tx_norm_000959,"[""bc1qq4s8cuyajq265qr4m7xegtq4fxulsgpy5hj2xu""]","[""bc1q39nkczjgm4qvnsr7g8cgf4fpd5x3u34rtklkc4""]",[3.106901],[3.106781],0.00012,P2PKH
tx-rec-000960,2026-03-01T17:19:02+00:00,tx_norm_000960,"[""bc1q6ed0puz5x4f29cqpsllzpcjq4p8dpeukz2n6vv""]","[""bc1qszz4p9ux2z8vtduv6ltqx0qyll7zwhah388j0x""]",[1.75361],[1.75349],0.00012,P2PKH
tx-rec-000961,2026-03-01T17:19:41+00:00,tx_norm_000961,"[""bc1q6y36mp84w8mmfljx7q8epacs3gzz379xwwd6uq""]","[""bc1qezy2mxy8lx5r8z6w3qnwg983940erzwhek4hvn"", ""bc1qsjn93a9ck58qq3fkf7fwlqvse0dsvyfrkm88f0""]",[4.739488],"[3.756145, 0.983223]",0.00012,P2SH
tx-rec-000962,2026-03-01T17:20:17+00:00,tx_norm_000962,"[""bc1q0v5596p00t8c62rjrhsj4jy2tvjgy2hephx33m""]","[""bc1qvlhg62yhue3n25laz4smt8jggvzammry77p663""]",[1.562324],[1.562204],0.00012,P2SH
tx-rec-000963,2026-03-01T17:20:24+00:00,tx_norm_000963,"[""bc1qdkx904vy7ln6sdphrwean56tcnlv368ca9n9gv""]","[""bc1qsw0742mq2re87v2jaurcmpca5p8a2ywxnfhzyp""]",[3.291878],[3.291758],0.00012,P2PKH
tx-rec-000964,2026-03-01T17:21:17+00:00,tx_norm_000964,"[""bc1qezy2mxy8lx5r8z6w3qnwg983940erzwhek4hvn""]","[""bc1qkaxudtg2w7jy6yk03psvf4kqzsnyr5gc32tkl8""]",[1.946408],[1.946288],0.00012,P2WPKH
tx-rec-000965,2026-03-01T17:21:46+00:00,tx_norm_000965,"[""bc1qsjn93a9ck58qq3fkf7fwlqvse0dsvyfrkm88f0""]","[""bc1q8eue4llkpkygqgaqutfhn8pqt3zhejxqktdwkn""]",[3.699165],[3.699045],0.00012,P2PKH
tx-rec-000966,2026-03-01T17:21:51+00:00,tx_norm_000966,"[""bc1qcuy2s3h7uuu4s8sgr2gsjzhpacn2xj9n7wv74n""]","[""bc1qvm8x5g990twp6gdlnf9v7eh8llzazp9lpr2mhw"", ""bc1qu02l6n2l296yml0rpa3gzv6umtu6p9rcgl8e47""]",[0.948743],"[0.807465, 0.141158]",0.00012,P2PKH
tx-rec-000967,2026-03-01T17:22:17+00:00,tx_norm_000967,"[""bc1q9enf0pknmslq3x4ta3sgephk5etky5pxtrdykk""]","[""bc1qtcf5eshvaqtxkyk587nxv3r79pmv7srkhvcy0x"", ""bc1q75qxvc0lxsvvydye4a56ytyn6yqxt8l6aq5ryy""]",[1.269234],"[0.435696, 0.833418]",0.00012,P2PKH
tx-rec-000968,2026-03-01T17:22:37+00:00,tx_norm_000968,"[""bc1qarmcwzcwd7yxe8r5rl6dn2w9k2zpn0qfekh5qn""]","[""bc1qx6w6xzehxyxw0l4zazkhyvg746g96rtls6vwuj""]",[1.288781],[1.288661],0.00012,P2TR
tx-rec-000969,2026-03-01T17:22:58+00:00,tx_norm_000969,"[""bc1qq4s8cuyajq265qr4m7xegtq4fxulsgpy5hj2xu""]","[""bc1qfy8gd02j8zd0xunt5auq5qg039ukrj4aa2ftg4""]",[3.169712],[3.169592],0.00012,P2TR
tx-rec-000970,2026-03-01T17:23:03+00:00,tx_norm_000970,"[""bc1qdkx904vy7ln6sdphrwean56tcnlv368ca9n9gv""]","[""bc1qp63vacy36erkw3mmh0y6w6477qrr9a82lu5dfa""]",[2.620184],[2.620064],0.00012,P2WPKH
tx-rec-000971,2026-03-01T17:23:16+00:00,tx_norm_000971,"[""bc1qdlyf60rpyq3643wk0es395nwa8an5u0pvchzk9""]","[""bc1qmzn0uapy544k9mq7n9hwv3f90sn9rkf03wwkul""]",[0.298309],[0.298189],0.00012,P2PKH
tx-rec-000972,2026-03-01T17:24:16+00:00,tx_norm_000972,"[""bc1qq5n6x9n9dw6eaq8nq0h58p0quzf53er4cw5ss5""]","[""bc1qlsyxl4akdfehm295mq2wc8rxw0ua9hq4v5zgu9"", ""bc1qp3qrv23fgmarr4qq6yjtr65s9ws0t93ql3gdhl""]",[3.482091],"[2.97283, 0.509141]",0.00012,P2SH
tx-rec-000973,2026-03-01T17:24:46+00:00,tx_norm_000973,"[""bc1qq5n6x9n9dw6eaq8nq0h58p0quzf53er4cw5ss5""]","[""bc1q3spdn2zpesyf09jjllgesljd04fy4y5ag7hhgq"", ""bc1qvlhg62yhue3n25laz4smt8jggvzammry77p663""]",[2.482894],"[1.323644, 1.15913]",0.00012,P2TR
tx-rec-000974,2026-03-01T17:25:03+00:00,tx_norm_000974,"[""bc1qjuaalzh5kdkkgc7ql8s2rqtepuzh2jlvvgjgrf""]","[""bc1qvjf54hm2tj4h5muwsnjd2j8ttelrsq45h8vawf""]",[2.784878],[2.784758],0.00012,P2SH
tx-rec-000975,2026-03-01T17:25:12+00:00,tx_norm_000975,"[""bc1qr7fcdrsl326mp9phg9s4faphp2em0a759c0r6e""]","[""bc1qhdyfpp3mtq35qnrc40ad956gkf0d3mceae3wwz""]",[1.062571],[1.062451],0.00012,P2PKH
tx-rec-000976,2026-03-01T17:25:22+00:00,tx_norm_000976,"[""bc1qu857msn6shssgxlnmvn53ga92jag2u3vvmjgkt""]","[""bc1qgj48cl883n8wv38p75xlhtt74ffgrpz4ecv87g""]",[2.678999],[2.678879],0.00012,P2WPKH
tx-rec-000977,2026-03-01T17:25:35+00:00,tx_norm_000977,"[""bc1qw3j9xdyc0srrgpd3k7f79ucllhcp24tg4vg0y7""]","[""bc1q4hmjzzx5vldpsys03922tjnjfq3km9aj7tkenu""]",[1.570988],[1.570868],0.00012,P2WPKH
tx-rec-000978,2026-03-01T17:26:20+00:00,tx_norm_000978,"[""bc1qxg98k9lwe8zj324ntf3ezjzv0rpk9n4fgyw9j6""]","[""bc1q40mkyarwdfnj68u76tvvxzgka34rhc5n4mwcgm"", ""bc1qx2fssznfzevxeppknd6kjr800apkku8d9xr4tf""]",[3.750621],"[3.050364, 0.700137]",0.00012,P2PKH
tx-rec-000979,2026-03-01T17:26:58+00:00,tx_norm_000979,"[""bc1qarmcwzcwd7yxe8r5rl6dn2w9k2zpn0qfekh5qn""]","[""bc1qsjn93a9ck58qq3fkf7fwlqvse0dsvyfrkm88f0"", ""bc1qalldcf088rfu5rwgdak6muv5k9w330j0lelxkk""]",[1.738263],"[0.452991, 1.285152]",0.00012,P2PKH
tx-rec-000980,2026-03-01T17:27:15+00:00,tx_norm_000980,"[""bc1qdh7qdv965l8498fe5y5t6hzvjrtakleq2uhngc""]","[""bc1qmzn0uapy544k9mq7n9hwv3f90sn9rkf03wwkul"", ""bc1q8sv3gq3l2kjl5cj47l3jtgjg2gtreurl2d3zx3""]",[2.662468],"[2.005386, 0.656962]",0.00012,P2PKH
tx-rec-000981,2026-03-01T17:28:12+00:00,tx_norm_000981,"[""bc1qdh7qdv965l8498fe5y5t6hzvjrtakleq2uhngc""]","[""bc1q2xmphldtc863jfk387cd7sjzuz0pgwmmypcxye"", ""bc1qhdyfpp3mtq35qnrc40ad956gkf0d3mceae3wwz""]",[0.311722],"[0.109851, 0.201751]",0.00012,P2SH
tx-rec-000982,2026-03-01T17:28:23+00:00,tx_norm_000982,"[""bc1qn5hzcqnvvvecqsv23nxzrf4nvgqw2tad5jlt63""]","[""bc1q9enf0pknmslq3x4ta3sgephk5etky5pxtrdykk""]",[0.845653],[0.845533],0.00012,P2WPKH
tx-rec-000983,2026-03-01T17:28:31+00:00,tx_norm_000983,"[""bc1qu02l6n2l296yml0rpa3gzv6umtu6p9rcgl8e47""]","[""bc1quynh6t6rhxkn22vypsfu8q0jdmpmhh0k0j9z0u"", ""bc1qdjp9z0egr8gt50uz5udnnl9u03wg5wuc2g6lue""]",[2.2148],"[1.962397, 0.252283]",0.00012,P2TR
tx-rec-000984,2026-03-01T17:29:03+00:00,tx_norm_000984,"[""bc1q2xmphldtc863jfk387cd7sjzuz0pgwmmypcxye""]","[""bc1qd94lr8j2v8he5xvkxrfcfr93djw6tzy3gavck0"", ""bc1qr5f4hfy2dgyv4pkzde74vgpnm0t85l3s77vc5w""]",[3.959368],"[2.48176, 1.477488]",0.00012,P2WPKH
tx-rec-000985,2026-03-01T17:29:26+00:00,tx_norm_000985,"[""bc1qqc4dhlpfruavtj05p7s6a9uqas2u4vrvrk8tta""]","[""bc1qf98xgvk2zuzxv6h7e2ez9tgfyzkq5aylkr2ljv""]",[0.450481],[0.450361],0.00012,P2PKH
tx-rec-000986,2026-03-01T17:30:21+00:00,tx_norm_000986,"[""bc1qq5n6x9n9dw6eaq8nq0h58p0quzf53er4cw5ss5""]","[""bc1qh23xwl2xcylsqe368uewcs5zrjz2fucsyes09z""]",[3.005155],[3.005035],0.00012,P2SH
tx-rec-000987,2026-03-01T17:30:56+00:00,tx_norm_000987,"[""bc1qmsk2hmhzwvhzx98l2thkjep6zqgq07lcm9k8hm""]","[""bc1qnma43znv9qwa5swttmpprnz9fe2ql7r8ktxpjv""]",[3.514545],[3.514425],0.00012,P2SH
tx-rec-000988,2026-03-01T17:31:27+00:00,tx_norm_000988,"[""bc1qf98xgvk2zuzxv6h7e2ez9tgfyzkq5aylkr2ljv""]","[""bc1q39nkczjgm4qvnsr7g8cgf4fpd5x3u34rtklkc4""]",[0.903879],[0.903759],0.00012,P2PKH
tx-rec-000989,2026-03-01T17:31:35+00:00,tx_norm_000989,"[""bc1qcpe6g5m0el0n5g2e7csesu930kzdnsnsy7055p""]","[""bc1quw6459ts6pc3dratc9avhvly3wjvea2v57flxg""]",[1.429934],[1.429814],0.00012,P2PKH
tx-rec-000990,2026-03-01T17:32:18+00:00,tx_norm_000990,"[""bc1qvjf54hm2tj4h5muwsnjd2j8ttelrsq45h8vawf""]","[""bc1q6y36mp84w8mmfljx7q8epacs3gzz379xwwd6uq""]",[1.956071],[1.955951],0.00012,P2PKH
tx-rec-000991,2026-03-01T17:33:14+00:00,tx_norm_000991,"[""bc1qwm0j85fm8fp3z3jjzkehnz90tdrnsrc2ku6sgq""]","[""bc1qfy8gd02j8zd0xunt5auq5qg039ukrj4aa2ftg4""]",[2.212486],[2.212366],0.00012,P2TR
tx-rec-000992,2026-03-01T17:33:35+00:00,tx_norm_000992,"[""bc1qdjp9z0egr8gt50uz5udnnl9u03wg5wuc2g6lue""]","[""bc1qu02l6n2l296yml0rpa3gzv6umtu6p9rcgl8e47""]",[0.641856],[0.641736],0.00012,P2TR
tx-rec-000993,2026-03-01T17:34:29+00:00,tx_norm_000993,"[""bc1qp63vacy36erkw3mmh0y6w6477qrr9a82lu5dfa""]","[""bc1q45u3lfy89ctqrc937sl56gfky7a946puq2uc38""]",[3.112149],[3.112029],0.00012,P2WPKH
tx-rec-000994,2026-03-01T17:35:27+00:00,tx_norm_000994,"[""bc1qp3qrv23fgmarr4qq6yjtr65s9ws0t93ql3gdhl""]","[""bc1qfn77ursvuj6aj5vw07uu8gxq9ujn40dm6vld6w""]",[2.330038],[2.329918],0.00012,P2TR
tx-rec-000995,2026-03-01T17:35:37+00:00,tx_norm_000995,"[""bc1qdlyf60rpyq3643wk0es395nwa8an5u0pvchzk9""]","[""bc1qw3j9xdyc0srrgpd3k7f79ucllhcp24tg4vg0y7""]",[1.1415],[1.14138],0.00012,P2WPKH
tx-rec-000996,2026-03-01T17:36:19+00:00,tx_norm_000996,"[""bc1q3p65c898syar0nq24aejwqa4xam855rmfkhkp7""]","[""bc1qlsyxl4akdfehm295mq2wc8rxw0ua9hq4v5zgu9"", ""bc1qakj6y5prmulu02nlnsfnhnayhtpa32gh7mcqrv""]",[4.556787],"[3.665191, 0.891476]",0.00012,P2WPKH
tx-rec-000997,2026-03-01T17:36:25+00:00,tx_norm_000997,"[""bc1qkaxudtg2w7jy6yk03psvf4kqzsnyr5gc32tkl8""]","[""bc1qpfuh30sa9k6grsk44sudu2rkz4usazgdugzs8t""]",[3.416936],[3.416816],0.00012,P2SH
tx-rec-000998,2026-03-01T17:36:41+00:00,tx_norm_000998,"[""bc1qdlyf60rpyq3643wk0es395nwa8an5u0pvchzk9""]","[""bc1qatmdnmprpunwnaglr3ar65kzjxu9uhtrc4y5yv""]",[0.421744],[0.421624],0.00012,P2SH
tx-rec-000999,2026-03-01T17:37:04+00:00,tx_norm_000999,"[""bc1q9enf0pknmslq3x4ta3sgephk5etky5pxtrdykk""]","[""bc1q0gma8qqgpxtnpxfknxu36arla4qqyjh32fc93y""]",[2.989873],[2.989753],0.00012,P2PKH
